c1,c2,c3,c4,c5,c6,c7,c8,c9,c10,c11,c12,c13,c14,c15,c16,c17,c18,c19,c20,c21,c22,c23,c24,c25,c26,c27,c28,c29,c30,c31,c32,c33,c34,c35,c36,c37,c38,c39,c40,c41,c42,c43,c44,c45
_swf,3,5,12,7,18,13,11,17,34,23,11,9,27,96,17,5,11,15,6,1,13,0,4,2,7,6,18,25,18,0,0,2,31,18,7,13,13,19,10,20,1,0,4,2
-Allergic,5,13,13,10,8,9,18,2,8,3,14,22,25,27,0,3,8,6,21,12,17,0,10,9,17,50,6,9,13,25,20,38,20,45,29,27,33,21,18,17,27,22,17,22
-funny-username-,0,9,4,0,5,1,0,0,5,3,2,10,0,0,0,1,23,24,11,55,10,0,11,16,6,7,8,3,7,4,2,7,1,0,3,1,9,3,11,16,10,8,4,11
-iPushFatKids-,5,7,16,2,2,14,0,2,2,2,0,0,18,8,0,0,0,3,0,27,2,0,4,9,14,3,0,0,1,15,2,4,10,3,2,10,8,13,4,17,5,1,12,2
-Johnny-,0,0,7,17,10,21,20,47,22,54,9,22,7,13,11,13,26,11,6,10,1,2,5,8,6,3,5,3,15,12,13,8,16,12,9,6,11,18,20,17,9,11,1,3
123homicide,36,42,7,35,13,17,20,19,20,27,12,9,16,10,2,24,30,11,16,16,28,0,6,9,10,13,16,38,25,20,36,16,11,29,8,10,4,7,34,12,13,24,9,13
1secwhileiyeet3,32,79,27,46,31,21,18,53,39,34,28,18,5,14,7,0,0,0,0,0,2,0,2,7,6,7,6,1,2,3,14,8,0,3,2,35,24,16,7,37,38,28,12,16
20CharsIsNotEnough,13,10,7,12,0,6,12,12,21,0,15,6,9,12,0,1,1,8,19,1,9,3,6,21,20,11,8,4,0,7,8,0,5,24,0,3,32,4,4,9,5,2,6,14
2broke2flex,16,13,10,9,26,26,37,19,13,39,33,9,1,0,3,0,26,18,10,9,28,0,2,3,7,2,1,48,8,7,43,2,2,18,19,8,37,37,68,6,20,5,8,1
2D_cunniessaur,10,21,18,7,18,26,32,17,20,13,12,13,10,16,3,12,10,4,4,9,10,0,9,10,4,7,6,13,7,5,13,16,8,21,9,4,7,4,3,5,4,4,13,14
3L3M3NT4LP4ND4,4,20,21,21,31,20,28,6,32,24,55,57,17,13,1,8,27,21,19,14,30,4,10,34,43,71,60,12,11,6,12,20,33,18,15,11,14,39,12,23,18,19,26,43
66GT350Shelby,0,5,12,28,19,14,23,4,23,19,12,32,23,17,1,1,8,28,22,23,19,3,18,24,26,7,20,19,14,4,40,7,20,17,7,5,35,18,29,17,4,12,9,15
8EyedOwl,5,3,17,4,14,15,2,12,3,4,0,9,1,1,1,6,4,6,4,8,2,0,0,6,3,4,1,2,1,3,4,16,5,6,0,0,0,10,1,3,4,1,0,2
8HokiePokie8,12,72,54,39,34,12,4,36,16,19,14,10,16,2,1,50,58,18,16,30,26,0,27,28,11,6,9,31,17,33,33,16,7,12,23,31,41,60,70,21,49,29,12,35
A_Cynical_Jerk,0,2,1,1,3,2,1,0,0,2,6,0,2,4,1,0,0,13,1,2,2,0,3,0,0,0,0,2,1,2,3,1,0,4,2,2,0,0,1,2,9,4,1,1
A_Ron24,21,96,98,38,11,15,268,12,22,79,20,28,62,38,0,3,6,8,10,27,30,0,0,0,0,5,9,8,24,16,2,23,23,22,16,15,3,6,11,23,15,16,28,13
A_WSB_MOD,22,42,9,43,20,43,0,28,48,43,66,36,55,2,0,1,5,7,1,0,0,0,0,12,4,4,0,3,23,15,4,2,0,2,0,8,21,0,6,0,0,1,2,1
aakravea,20,37,28,2,6,5,4,3,22,7,27,1,10,2,2,43,38,9,2,5,18,0,7,19,45,14,1,6,18,32,9,17,1,3,14,14,11,13,4,0,2,1,10,24
Aaricane,1,2,18,8,12,17,8,5,1,1,1,7,1,0,0,6,0,3,6,31,7,2,5,3,0,0,0,1,5,1,8,18,7,6,3,0,0,2,0,0,28,4,1,1
AboodyX,2,11,5,3,28,16,5,27,16,13,4,0,0,0,0,0,1,13,7,30,21,0,3,6,16,18,15,11,8,8,14,14,18,18,4,1,21,3,3,12,16,12,40,4
Actinism,9,5,22,10,20,9,5,1,2,13,7,6,2,6,1,0,9,8,12,1,29,0,1,15,7,9,3,16,20,17,5,11,4,10,2,2,38,0,3,1,0,7,14,5
ACuriousFrenchie,11,23,4,15,15,21,6,1,10,45,25,9,15,6,1,7,10,16,7,21,16,0,6,14,24,19,22,20,13,2,11,24,10,11,7,0,16,20,22,11,10,19,12,12
ADB963,1,3,2,3,0,5,2,7,4,2,2,4,2,3,0,1,0,3,1,14,2,0,0,1,4,0,5,8,4,0,3,4,3,3,0,4,4,14,3,4,11,13,3,0
Admfinch,44,32,0,0,0,41,20,20,22,0,0,13,21,19,0,0,0,0,25,19,27,0,2,1,2,29,56,33,39,2,0,0,60,23,2,0,0,0,17,10,51,17,0,0
Aerik,6,13,8,8,13,13,12,26,6,16,12,15,14,6,9,4,5,7,11,21,17,3,0,10,9,14,16,16,9,17,13,2,15,16,15,2,24,23,11,21,23,9,4,9
Agrianian-Peltast,37,40,40,20,30,65,27,13,84,47,38,9,12,3,0,17,22,34,21,33,25,2,9,17,10,4,7,66,33,14,33,6,40,23,9,28,22,6,2,34,15,77,16,6
AKAG8493,3,6,1,3,5,3,2,2,1,1,8,3,10,3,0,1,2,2,1,0,3,0,0,8,6,2,3,5,0,2,1,1,1,0,0,4,3,3,2,3,3,13,3,4
ALeaf_OnThe_Wind,18,6,7,2,1,1,5,4,0,17,21,4,5,0,0,22,9,10,30,12,27,0,0,25,8,2,15,7,0,17,4,12,10,4,1,36,15,29,12,14,21,88,43,9
aleclolz,2,10,18,29,25,13,27,25,30,24,47,25,26,17,19,7,9,9,10,11,4,0,11,4,5,4,4,6,17,13,1,2,2,4,1,4,5,0,0,1,0,3,5,7
alesserbro,5,23,13,4,38,9,4,2,7,16,20,2,2,3,0,12,15,29,48,32,21,0,24,25,14,1,45,0,0,1,1,0,9,5,9,1,0,2,7,7,0,5,6,8
AlexFromRomania,1,10,4,16,22,37,29,16,27,13,18,8,17,38,13,2,10,10,1,27,1,0,1,2,14,31,60,17,20,32,15,4,7,5,1,0,1,1,27,8,3,0,2,0
alicecooper777,0,8,1,5,2,7,1,0,3,11,3,1,3,4,2,1,1,0,0,2,1,0,4,0,5,0,6,0,0,9,1,3,0,4,4,4,11,2,0,5,9,12,8,1
alkaline__solo,6,13,2,1,10,3,0,5,10,8,9,4,8,11,2,21,8,21,6,1,7,0,10,29,6,1,0,3,4,3,21,8,0,2,1,2,2,0,0,1,2,21,5,3
almostamillenial,0,1,10,7,0,6,2,0,1,6,0,1,8,7,0,2,0,8,2,0,1,0,0,0,3,1,0,8,0,0,1,1,0,0,0,13,3,0,1,0,5,0,0,0
Alphanumeric88,0,4,1,8,1,1,6,2,1,4,1,6,0,6,0,4,6,4,3,0,0,0,14,10,5,0,2,5,4,4,3,2,0,6,3,7,8,3,5,8,27,9,31,25
AmbiguosDecisions,7,1,2,1,2,5,21,2,7,1,8,2,21,23,0,0,0,0,0,5,4,0,0,7,0,0,3,0,2,0,1,17,2,0,7,0,7,4,31,3,3,7,8,3
Andreastheslimjim,1,0,3,2,3,0,5,5,13,2,1,11,10,0,0,0,0,0,0,0,7,0,0,0,1,19,28,6,3,2,0,1,0,0,0,8,11,4,4,3,7,6,0,1
Andyy074,19,30,38,19,15,25,14,14,8,28,24,32,22,32,3,6,10,6,8,16,6,0,2,14,6,8,9,5,7,5,6,15,6,2,1,2,0,0,8,29,15,6,14,5
Anonymous2401,1,14,18,24,1,7,4,0,3,4,0,5,10,2,0,10,10,4,3,5,4,0,3,3,3,14,20,1,8,15,8,19,2,3,2,5,5,2,2,2,2,2,12,8
Another_leaf,3,37,41,17,7,19,21,5,0,0,0,0,0,0,0,4,6,11,15,32,10,0,1,22,5,18,27,17,6,9,0,3,14,25,8,3,7,13,11,13,8,14,4,46
Archleon,2,5,3,6,13,5,11,2,10,5,6,9,2,5,5,1,10,10,3,2,9,3,3,9,12,21,4,5,0,2,0,1,7,4,1,1,1,6,9,25,3,11,7,10
Ark76RageMonster,14,26,19,2,9,6,11,4,21,10,6,19,8,9,3,2,8,10,35,4,6,4,7,15,29,1,18,37,18,23,56,18,9,26,27,0,4,10,4,45,28,3,2,2
astrangemann,9,22,36,41,29,33,19,16,25,0,0,11,14,7,8,0,4,7,7,12,1,0,2,1,3,7,16,9,8,6,8,0,8,13,3,7,3,12,17,24,10,4,13,13
awhaling,21,26,41,66,29,13,54,20,14,23,29,9,60,69,5,10,18,17,12,22,4,0,37,0,9,21,8,3,1,15,8,4,9,16,10,7,29,21,13,16,13,24,57,37
aztecguy95,0,28,3,11,7,17,9,1,5,3,2,17,2,2,0,7,2,0,7,13,3,0,3,3,19,11,1,11,5,9,14,4,11,7,5,3,5,1,8,6,12,1,3,15
ball-buster-bill,9,6,8,25,16,41,23,36,25,15,13,20,14,12,0,0,0,15,13,20,8,0,36,33,16,13,15,12,16,12,20,20,44,22,6,11,8,9,38,30,25,14,16,18
bamanas,11,21,23,21,13,17,7,24,20,11,12,2,2,15,3,9,21,15,7,4,13,9,15,7,10,9,11,20,10,11,10,4,10,13,5,4,11,8,16,12,19,26,14,8
banditcleaner2,5,9,13,27,82,10,10,43,26,41,26,18,14,16,0,61,63,44,11,36,30,0,21,45,6,14,12,19,1,0,4,3,3,11,20,11,4,0,2,7,10,5,7,23
Banethoth,11,53,53,80,53,31,69,41,72,44,52,59,125,12,4,1,92,70,50,82,3,0,2,56,84,41,32,74,98,9,25,57,63,8,6,34,80,160,71,48,107,87,7,30
BangSlamtime,7,15,13,7,3,0,6,7,14,5,18,16,3,3,0,11,14,2,13,11,14,0,9,9,0,2,0,3,6,9,7,2,1,5,1,8,8,1,1,5,15,9,0,1
Barca___DNA,18,25,37,34,6,3,28,7,10,18,9,16,7,4,4,29,14,8,5,2,4,0,6,8,12,18,3,2,1,0,8,17,13,15,1,2,20,2,10,5,6,14,8,8
barvid,5,1,18,30,12,16,17,16,15,8,12,12,21,20,0,20,16,14,11,29,24,0,8,16,21,7,20,25,7,12,10,9,19,15,10,3,12,10,7,8,7,11,1,1
basscorruption,22,48,20,21,6,13,32,5,7,16,12,3,6,18,9,8,14,19,46,9,45,14,28,47,12,55,49,25,21,31,21,13,26,32,5,41,37,27,21,35,52,43,16,52
bbllaakkee,0,5,4,5,3,3,3,14,10,0,16,12,16,12,3,2,7,1,4,14,6,0,7,6,3,4,4,1,4,5,0,1,3,0,2,5,3,1,1,0,14,7,10,8
bearjewpacabra,26,28,18,34,4,5,8,30,6,15,18,7,19,14,0,12,19,12,1,4,16,4,1,12,1,10,12,2,2,25,12,4,0,22,1,0,4,0,0,0,1,4,3,1
Belrick_NZ,14,23,22,19,14,10,10,18,12,13,20,0,0,18,3,16,19,15,10,23,14,1,10,11,8,6,14,24,34,20,15,14,22,46,8,3,7,10,7,4,6,15,18,13
Bernie_Sanders_16,77,153,109,142,131,110,48,195,81,102,41,92,13,13,23,45,178,87,68,52,29,3,13,8,9,186,47,44,112,26,105,35,5,38,15,6,13,24,39,25,25,30,92,54
BestGarbagePerson,4,88,106,10,29,28,7,43,17,15,0,54,19,32,27,8,29,19,9,28,81,0,40,6,71,14,25,13,65,21,11,24,19,17,39,1,8,37,42,60,45,8,0,69
BigOlDickSwangin,12,38,27,8,57,7,1,53,32,17,15,17,10,26,9,12,15,12,37,16,31,0,0,14,7,8,23,42,29,25,20,0,2,11,2,12,12,7,29,7,20,34,16,24
BigWeasels,0,15,15,13,18,14,3,3,4,4,3,7,7,2,0,1,0,1,2,0,1,0,1,1,1,1,0,0,0,0,1,6,3,8,0,1,3,1,8,3,5,2,3,3
Blackestwolf,21,22,26,33,1,13,10,24,37,25,26,46,23,30,7,12,26,62,19,22,25,0,15,25,19,14,2,16,32,18,16,16,12,5,4,1,28,28,14,22,26,16,11,27
blacknight137,10,18,1,1,4,10,4,18,12,7,6,5,7,7,1,2,8,8,7,5,2,0,10,1,7,5,7,3,9,3,13,6,15,6,7,3,15,18,21,24,3,2,7,18
BlackWalrusYeets,49,30,14,3,20,16,3,3,15,14,25,26,8,42,36,5,13,14,15,9,4,0,1,8,24,6,1,29,13,5,24,30,2,19,3,12,22,33,18,43,19,29,32,8
BloonEater,3,31,29,8,3,18,5,16,24,2,28,1,10,37,1,11,9,7,35,16,13,0,3,11,8,23,2,22,13,18,44,23,18,25,7,6,21,27,13,25,21,19,6,11
Blue_Palasky,10,9,7,5,3,0,4,6,0,7,1,1,12,7,6,0,21,25,30,10,11,0,20,48,24,8,11,9,6,16,38,9,13,2,0,9,8,7,9,4,3,5,1,2
BobbyGurney,0,6,2,0,4,1,2,3,3,18,0,9,9,1,0,0,7,11,5,7,5,0,2,0,5,10,9,0,6,3,0,0,0,0,5,2,22,0,0,3,0,5,0,5
bobrossforPM,0,10,13,36,22,14,8,64,16,13,18,31,12,4,2,4,3,2,5,5,21,0,5,7,57,4,0,6,43,53,14,49,7,12,6,20,26,2,10,10,8,6,9,10
BoilerPurdude,0,1,0,4,18,17,9,33,0,0,5,11,16,38,16,2,16,1,46,48,132,5,41,7,50,76,107,84,18,19,14,3,88,94,25,2,5,19,28,170,81,56,70,29
BombedMeteor,9,5,7,2,1,2,2,1,0,0,6,3,0,3,0,0,7,17,21,3,3,2,3,12,2,21,36,45,19,51,44,43,7,8,7,6,13,59,8,24,28,21,13,14
BoredDanishGuy,8,29,34,12,12,9,4,1,3,0,3,13,8,6,0,4,2,11,3,1,8,0,0,6,2,7,19,6,6,3,10,14,15,7,1,1,42,21,27,33,23,37,52,28
BostonPatriotSox,0,0,5,14,22,6,6,6,9,2,11,5,1,14,0,7,5,5,6,8,7,0,1,3,6,3,2,0,0,2,1,0,1,0,0,3,0,1,1,4,5,1,2,1
BourgeoisCheese,15,21,45,26,37,0,18,26,1,7,9,11,26,0,0,0,14,6,0,9,18,0,2,0,31,22,12,29,20,40,23,23,0,8,14,4,41,8,17,35,31,15,74,72
BraindeadRddit,2,0,1,0,3,2,4,1,1,1,1,0,2,2,2,0,0,0,1,7,1,0,4,5,1,2,0,6,3,45,19,13,6,4,1,7,1,1,6,5,3,3,1,2
BranfordJeff2,57,47,47,28,50,48,61,46,82,77,87,20,47,79,29,17,61,13,0,0,33,0,82,29,36,35,76,108,75,46,62,71,34,64,28,22,18,30,31,43,79,22,11,11
breathe-manually,7,18,11,19,2,10,16,19,11,11,5,2,4,7,7,17,8,21,0,18,11,0,7,12,9,1,4,11,11,20,3,0,6,7,2,0,3,18,14,1,1,15,2,3
Bricknody,6,7,11,9,19,18,17,6,14,6,4,1,7,18,5,18,29,40,33,25,38,3,6,7,18,35,23,22,4,23,18,25,25,9,3,0,17,13,22,8,9,2,4,22
BroheimIII,7,0,4,3,10,4,0,0,2,3,3,4,5,0,0,3,4,1,5,1,9,1,9,7,11,8,7,8,2,3,1,3,3,5,0,2,4,8,0,0,2,6,0,0
Brother_Lancel,0,0,3,11,11,0,3,12,2,0,0,0,1,0,0,0,1,0,4,0,1,0,1,1,2,0,6,1,1,0,0,0,0,0,0,5,4,2,0,1,2,2,6,7
brucewillischugswine,7,14,10,17,2,4,1,10,20,7,1,21,1,21,17,0,0,0,0,0,0,0,5,1,8,7,31,1,0,0,1,0,0,0,0,0,0,0,4,0,1,0,0,11
btownupdown,4,3,1,3,4,7,7,38,22,5,3,4,2,8,0,17,15,30,14,25,3,0,6,22,7,10,25,17,5,8,5,10,5,13,7,2,2,5,3,1,10,30,1,2
bubblebosses,22,28,29,24,6,29,9,37,24,28,62,11,64,27,14,7,67,20,52,24,24,0,16,47,93,28,8,37,77,18,23,22,16,23,4,19,38,26,28,96,49,35,44,8
Bust-a-Nutt,9,31,23,30,17,24,50,35,27,28,17,19,51,18,9,8,22,16,26,13,15,0,5,17,17,20,28,20,33,7,15,36,20,17,12,7,23,23,38,24,24,25,9,29
butt-sniffler,7,8,8,14,7,20,6,8,7,0,1,5,5,1,0,0,15,49,2,0,0,0,3,0,0,8,1,6,8,0,1,0,0,0,0,0,0,1,2,36,8,28,1,1
Butterfly_Queef,13,47,40,38,14,17,4,2,6,13,23,27,8,23,30,8,10,14,4,10,10,0,2,5,1,12,4,13,0,7,5,4,8,1,1,31,11,7,3,5,1,16,18,17
caloriecavalier,22,58,27,11,11,12,26,28,32,3,7,24,16,12,0,39,41,41,23,40,17,0,19,31,3,24,24,33,5,0,0,0,0,0,0,7,9,14,27,13,8,2,17,37
candi_pants,0,0,0,1,0,0,1,0,0,1,0,0,2,1,0,9,2,26,12,10,1,0,0,0,6,14,0,14,3,0,0,4,2,6,0,0,0,1,4,3,0,0,4,11
Capcuck,0,2,4,7,1,6,10,12,18,14,3,11,6,2,5,3,7,9,14,10,5,0,9,8,8,3,6,0,11,4,12,3,12,12,7,3,24,10,19,7,31,4,7,8
captianbob,2,6,1,0,0,0,0,2,2,0,2,1,3,0,13,0,3,0,7,3,11,2,2,3,0,1,0,3,7,6,6,5,11,7,2,0,0,0,0,6,28,8,5,17
CarelessLine,49,17,101,23,40,20,32,70,46,52,56,26,45,78,8,45,55,35,80,15,9,6,14,76,71,49,37,79,81,63,79,117,60,70,27,31,52,37,34,46,32,39,41,44
Cat-penis,3,15,31,25,63,17,38,32,16,11,15,5,15,32,10,9,27,15,6,9,27,5,7,43,10,4,10,20,6,4,24,14,35,24,4,1,0,18,9,1,2,18,50,21
Catman419,5,30,14,8,14,20,11,17,21,5,23,34,11,26,3,3,32,43,23,17,21,1,3,9,31,17,38,46,23,16,31,21,44,19,6,6,13,12,6,12,10,18,16,8
CBarkleysGolfSwing,23,53,63,48,75,7,5,51,36,74,56,78,1,9,7,33,44,54,4,5,17,0,34,15,23,9,3,18,23,31,25,17,8,0,2,38,37,36,10,13,21,17,23,7
ChaosCowboy,3,8,11,11,1,10,14,3,13,8,9,9,9,3,0,9,9,3,8,31,4,0,0,5,36,17,29,16,1,2,12,7,36,44,5,11,17,1,22,5,13,5,3,11
Chapose,2,6,2,16,4,0,2,3,3,0,0,0,1,1,1,0,0,0,0,0,0,0,5,8,6,3,3,1,29,0,0,0,0,0,3,7,8,8,7,7,2,6,16,1
Charlie_Rhabdo,21,17,3,3,1,6,17,8,14,17,76,15,11,10,4,6,20,13,12,16,17,1,17,11,41,63,28,46,8,27,32,1,9,17,12,4,37,7,5,24,33,25,18,14
chedrich446,5,7,9,13,18,19,15,18,18,27,11,4,3,18,0,27,34,57,12,43,28,0,21,22,19,5,5,20,14,8,7,23,0,1,0,17,16,13,8,6,10,7,13,10
CherryManJoJo,0,8,6,4,1,9,10,9,5,15,5,12,4,3,0,0,5,3,12,3,10,0,4,3,8,3,3,5,2,18,9,0,6,6,8,6,24,39,6,23,6,17,14,7
chicken_fricker,4,0,4,0,8,1,0,0,0,1,8,6,0,2,2,0,0,1,7,14,4,0,0,3,7,9,2,0,1,5,6,0,10,5,1,0,1,2,7,4,0,4,3,0
chicofaraby,0,0,1,0,4,13,8,2,14,41,0,45,38,6,0,10,7,10,4,10,30,0,0,13,37,30,22,15,13,24,15,17,29,17,6,35,23,20,11,23,8,1,10,14
ChiefLA,18,8,15,42,4,3,6,5,21,1,8,11,3,14,0,1,4,13,12,3,3,0,2,12,14,5,6,8,3,5,3,6,20,12,0,8,39,40,14,14,24,25,27,54
ChildishDoritos,5,1,11,17,18,29,9,13,1,9,13,11,20,36,8,8,13,15,10,23,27,0,2,4,23,34,20,17,10,0,0,3,11,23,6,0,1,8,0,9,7,13,15,19
Chili_Palmer,9,5,7,2,0,7,3,7,11,13,53,10,4,0,1,5,12,7,6,14,5,1,10,30,11,7,2,27,9,3,10,8,8,15,23,8,20,15,7,6,10,13,13,30
Chilidaddy63,0,2,8,10,7,2,4,3,7,13,4,23,32,12,10,2,6,42,2,19,19,0,1,0,28,4,3,0,10,3,1,6,1,17,0,21,6,2,9,1,7,6,2,8
chill_bishop,10,39,11,33,52,27,11,0,37,33,19,19,4,3,1,14,7,52,34,5,15,1,0,4,0,0,0,0,2,1,0,0,33,36,2,33,16,9,34,25,28,6,7,20
ChillOnInfinite,2,0,2,0,1,1,2,1,5,13,2,1,1,6,3,2,1,0,19,15,53,5,0,10,9,67,52,68,40,23,16,5,0,7,6,40,7,19,13,22,5,45,56,56
Chizerz,2,1,7,4,7,1,18,6,3,5,8,4,2,8,0,5,3,0,7,7,2,0,1,5,8,4,4,3,14,4,7,11,6,4,9,2,8,8,8,0,17,2,7,8
ChristopherPoontang,25,23,22,58,34,36,69,60,38,23,38,40,15,6,3,13,33,58,74,52,98,7,64,6,8,43,84,50,84,22,33,11,30,71,5,37,29,40,44,57,40,40,16,27
Chromaa-,2,20,4,20,24,14,9,12,12,28,10,5,39,8,0,7,29,15,22,11,20,0,1,21,31,43,27,30,19,32,26,8,9,15,1,19,17,13,23,15,32,15,25,5
Chromium_Force,7,8,23,24,4,5,16,11,4,0,4,6,3,5,1,0,0,0,1,0,0,0,2,6,9,3,5,5,8,4,3,10,6,4,0,2,6,5,2,1,3,0,1,7
Chuhulain,0,5,32,9,18,9,12,6,10,2,6,11,4,12,5,4,4,5,10,2,8,0,2,4,7,1,9,31,5,3,12,8,10,8,3,2,12,16,16,22,7,6,6,13
cjpinto7,0,8,6,6,6,1,5,8,9,2,5,2,5,7,1,3,4,8,8,15,6,0,6,3,14,14,14,16,13,8,7,6,11,11,4,1,7,4,5,5,3,1,12,0
CocaineSympathy,0,33,30,39,23,9,4,5,0,10,27,14,1,2,0,54,34,16,7,0,1,0,2,25,5,3,12,0,14,6,11,11,15,8,6,4,14,21,5,18,11,24,11,49
CoffeeAndCabbage,2,1,3,24,23,11,6,16,17,22,9,30,18,39,0,19,7,18,8,5,5,0,6,12,18,27,21,13,22,22,9,7,11,15,0,6,10,16,16,3,16,3,29,25
Combaticus2000,1,10,0,6,4,3,3,24,10,25,24,51,41,7,0,32,23,16,19,9,4,0,42,21,3,18,17,6,9,15,23,11,6,7,14,26,17,36,48,45,14,69,74,43
CommunismPanda,26,13,16,10,4,8,17,20,7,7,22,47,22,3,0,38,10,8,4,12,14,0,12,21,17,1,7,28,40,21,28,5,2,12,13,32,44,40,3,13,28,23,49,18
Confident_Half-Life,4,3,8,15,7,3,12,3,14,9,16,11,1,5,0,27,38,7,10,33,9,0,4,12,6,15,13,16,6,3,6,7,8,5,8,0,8,14,6,0,0,1,2,1
conishappy,2,6,2,8,14,7,4,4,3,4,2,3,8,12,0,2,5,1,2,3,6,0,3,17,12,2,3,7,3,12,1,3,5,5,0,17,3,3,11,2,27,4,8,8
cooI_guy,9,21,43,24,8,7,17,36,31,24,24,30,2,0,16,3,18,3,0,15,16,0,0,3,2,6,5,11,2,0,0,2,0,0,0,0,1,0,3,0,2,1,2,2
Cormie,0,5,3,2,12,17,21,21,6,0,7,3,1,4,7,4,19,9,6,5,6,1,18,3,3,0,0,3,0,4,4,1,4,14,4,3,0,17,8,9,7,7,1,3
Coroxn,64,8,6,17,15,8,2,8,13,18,15,2,7,9,0,33,21,7,51,58,1,0,14,21,5,15,12,15,1,42,22,3,9,8,7,0,3,5,3,0,4,7,2,1
Corvus133,11,24,11,23,24,36,14,27,29,33,20,38,20,32,1,11,40,33,35,43,30,5,14,42,25,41,19,24,28,34,15,16,26,16,31,5,21,45,31,14,21,56,21,18
countfenrir,7,3,65,37,11,6,6,18,30,12,1,3,3,4,1,8,2,1,0,0,1,0,2,2,4,0,0,0,5,8,0,3,14,1,0,4,4,3,2,1,0,1,4,9
CPA-hole,6,1,0,37,18,7,1,14,5,12,1,5,0,7,0,1,8,2,0,0,8,0,5,18,0,1,7,14,23,11,25,24,5,6,0,5,5,0,57,1,0,3,13,5
Craigson26,0,20,60,14,18,45,43,6,22,23,41,19,25,18,10,5,30,42,28,30,39,1,13,9,22,3,2,9,11,7,5,22,21,18,8,15,47,9,14,46,31,23,41,13
CrankyOldGrump,0,0,1,6,5,0,0,1,1,1,0,1,0,1,0,0,1,2,0,0,2,0,1,1,0,2,6,0,0,0,2,7,1,2,0,3,1,8,21,5,5,4,1,2
CraptainHammer,1,8,4,14,3,19,30,14,12,12,8,8,18,28,0,7,22,26,41,63,26,1,5,28,15,13,36,25,31,20,19,9,47,11,24,14,20,32,52,28,29,16,18,25
Cryomaster_,10,6,5,15,6,17,21,14,9,18,26,10,5,11,4,15,0,28,20,13,14,1,13,7,12,4,1,23,20,16,30,4,16,9,6,28,19,13,20,15,5,5,6,3
CToxin,7,17,1,11,46,8,43,42,33,11,13,28,20,11,4,6,28,23,20,10,9,6,18,39,20,13,32,29,28,18,9,31,24,41,13,5,30,16,18,14,9,5,9,14
CuloIsLove,1,4,0,2,2,0,12,3,3,2,1,10,0,7,3,2,22,8,6,18,12,0,2,3,11,12,37,5,48,18,39,5,11,1,0,2,26,78,6,1,2,21,0,7
cupasoups,1,6,17,3,1,4,3,5,14,1,4,7,3,5,1,0,0,1,1,1,0,0,4,17,8,5,0,1,2,0,2,6,1,0,1,2,16,2,11,4,2,1,67,26
cutt88,3,5,1,4,8,1,1,5,13,1,4,8,0,15,0,0,0,4,1,1,5,0,2,1,4,20,0,0,4,0,0,0,4,0,0,7,8,4,11,2,16,18,2,2
CyberdyneAnalytics,0,12,10,13,36,20,11,4,71,6,1,0,0,0,0,4,3,3,10,24,5,0,14,35,19,11,14,8,49,14,52,15,11,6,25,2,5,11,20,17,27,21,18,26
Cymry_Cymraeg,10,19,62,19,7,24,21,11,39,20,80,21,37,38,1,17,17,21,16,20,12,0,15,42,52,50,56,21,29,21,16,31,49,21,11,19,25,26,17,45,44,36,23,24
D4sthian,1,10,9,7,0,5,1,7,17,0,3,7,19,1,1,6,5,5,24,13,4,0,2,6,4,14,11,3,17,11,23,60,13,2,14,8,2,9,16,25,4,27,3,4
DadGoneGamer,27,43,42,54,52,27,20,43,26,36,41,48,31,26,5,32,82,53,36,24,24,0,25,53,42,40,24,47,54,34,67,15,25,76,17,41,39,23,27,15,26,37,14,22
DaGr8GASB,1,6,7,0,0,29,6,11,12,8,13,9,14,0,5,9,11,11,16,11,18,1,36,21,21,19,28,44,18,27,24,10,17,14,0,13,15,31,20,47,36,19,33,14
Darth_Mufasa,4,1,25,11,16,26,4,12,41,57,57,26,16,3,0,28,10,10,32,8,10,0,25,13,36,9,0,16,1,0,2,8,21,29,11,17,9,6,32,72,35,52,42,2
dbill333,6,12,23,13,38,0,0,22,13,18,29,13,0,0,2,15,25,23,9,2,10,0,13,32,7,26,0,16,13,10,15,14,16,5,3,12,36,18,6,0,10,19,32,41
ddarion,10,13,15,2,0,20,20,16,5,0,0,0,8,2,1,15,12,4,11,6,9,1,5,0,13,34,27,14,0,6,8,12,5,1,0,7,8,4,9,4,8,16,11,14
debug_yourself,2,5,4,5,3,3,8,1,3,2,5,1,3,16,5,12,22,15,8,5,2,0,3,2,4,27,14,30,17,19,0,22,0,12,9,4,8,9,2,17,21,12,17,13
DeeplyClosetedFaggot,0,7,3,1,2,0,7,5,10,2,2,4,3,5,1,1,5,10,6,8,3,0,1,8,4,12,11,5,3,7,3,10,6,9,1,3,8,2,4,4,7,8,1,7
DegesDeges,0,8,3,13,21,28,13,5,2,1,3,7,31,15,5,9,17,5,6,11,9,0,3,4,3,12,23,5,9,11,6,7,15,11,9,12,11,11,12,9,1,8,9,2
dekachin5,10,4,13,14,12,25,30,34,19,28,20,8,32,1,3,3,32,15,15,30,19,6,4,12,22,6,10,8,12,28,29,15,27,7,18,14,1,0,21,26,27,76,49,55
DeliciouslyCynical,6,5,2,5,3,0,0,1,0,3,0,0,0,0,0,1,0,0,1,0,0,0,0,0,0,0,0,2,0,0,0,0,1,0,0,2,7,14,0,0,1,9,6,3
Delta616,1,3,6,5,4,8,6,22,16,10,3,21,8,4,3,3,1,4,8,10,9,0,5,19,9,0,14,12,9,7,5,18,10,15,0,1,2,9,3,6,4,5,0,0
DemonRaptor1,8,14,2,2,5,3,4,4,8,2,7,4,1,3,2,5,4,0,10,9,2,0,1,10,14,4,4,10,12,13,12,6,8,3,4,2,5,3,10,3,6,12,9,7
DespawnMe,10,41,46,33,21,10,13,24,19,34,29,25,14,11,0,1,24,15,30,21,24,0,6,7,18,17,13,7,14,27,49,6,7,7,17,4,20,7,16,3,15,2,18,3
Dffclty,11,13,13,26,22,13,2,11,22,17,14,9,28,26,4,4,67,19,14,4,4,3,7,3,9,48,12,5,7,7,22,5,21,20,1,14,23,28,9,4,14,15,19,22
Dhdhduchd,1,10,4,0,0,0,0,0,0,0,0,1,0,0,0,0,0,0,1,2,1,0,1,1,0,0,0,0,0,0,1,0,2,2,1,0,1,0,1,3,0,1,1,0
dickheadaccount1,3,6,24,16,7,9,3,0,9,7,18,17,8,2,6,2,10,30,6,9,12,0,0,1,2,7,0,21,3,15,11,36,20,7,1,7,56,34,29,22,15,8,31,10
dilfmagnet,0,27,31,22,35,53,54,48,107,60,8,3,0,4,9,15,13,4,5,27,4,2,7,41,20,40,8,27,4,64,69,27,19,55,11,22,19,28,40,59,27,31,21,32
DimeBagJoe2,9,13,9,20,22,24,10,11,13,6,2,1,16,17,4,15,19,33,36,25,14,0,33,25,49,26,26,46,59,39,39,50,30,34,14,11,11,18,17,29,26,63,14,10
Dirac_dydx,3,7,3,3,1,8,5,4,2,0,4,8,3,5,1,3,5,8,8,7,5,1,0,8,6,10,6,3,5,14,20,6,11,15,2,7,14,6,21,13,7,4,6,22
Dirtyfingerteemo,4,2,9,52,2,0,0,0,0,0,0,0,0,0,0,2,0,0,2,1,6,0,1,2,6,2,0,0,1,3,17,2,10,6,5,0,0,7,0,7,3,3,3,1
discoafroman,5,1,2,3,32,21,6,4,3,2,4,10,20,40,3,33,53,44,15,11,18,0,0,11,6,13,24,8,5,25,9,20,41,12,1,12,14,54,23,10,8,50,8,12
distortedorchid,1,0,0,0,0,0,0,0,1,3,0,1,1,1,0,0,1,11,1,0,0,0,0,2,2,0,0,0,2,0,10,0,2,0,0,0,0,2,0,0,0,2,1,9
DJRES,0,0,5,11,5,1,0,5,1,9,16,4,5,1,0,1,4,3,0,0,0,0,2,21,0,2,4,2,1,1,3,2,0,20,4,5,17,11,10,18,8,4,28,8
dmemed,6,4,19,19,11,40,24,13,21,54,26,16,17,14,1,12,19,27,23,18,15,1,13,30,19,6,20,12,20,18,19,12,13,13,1,19,41,18,38,22,20,29,24,20
Dodohead1383,1,6,26,14,0,0,0,0,18,17,11,16,2,0,0,0,0,6,0,0,0,0,0,5,8,0,0,0,6,3,6,2,1,0,0,2,54,10,0,2,2,25,17,20
Dolt-Dragoman,19,28,45,87,30,29,1,8,27,17,10,35,13,18,0,17,31,40,8,6,45,7,37,36,34,4,16,45,38,25,3,19,7,29,5,22,51,20,19,12,8,47,60,9
Donger-Lord,9,4,7,10,22,12,25,6,25,22,24,15,7,15,0,7,10,9,22,19,10,1,12,25,11,20,12,77,23,9,10,1,9,9,13,0,0,0,0,0,11,22,29,22
dontcare2342,10,7,5,1,3,4,5,6,17,0,0,0,24,13,12,3,5,6,4,4,1,0,34,17,14,8,9,16,26,11,9,10,12,48,3,4,21,24,31,82,83,73,27,54
DontGetCrabs,29,22,7,7,31,28,8,9,7,8,9,2,5,23,8,2,0,2,2,5,12,2,19,15,10,6,0,7,8,0,0,7,0,1,0,1,1,0,0,0,14,14,5,1
dorkmax,8,8,2,4,4,3,13,22,3,4,2,2,29,12,3,2,8,4,4,18,7,0,6,11,24,7,5,8,11,1,9,1,18,18,21,6,19,9,16,17,34,7,12,23
Dragonborn12255,9,91,1,0,0,2,4,2,0,0,4,19,13,1,0,0,3,0,0,3,1,0,0,2,2,1,71,57,7,1,2,6,12,3,0,0,13,7,3,3,0,2,5,6
drakenicolas,6,15,15,8,20,8,4,7,11,10,6,8,8,11,2,10,3,6,4,8,5,0,4,3,2,1,5,8,6,4,5,5,3,3,0,2,2,16,6,5,6,13,1,7
DrakoVongola,10,21,13,29,20,25,22,11,12,8,12,17,7,10,5,7,7,17,13,26,7,1,3,12,6,6,11,11,8,35,17,20,27,18,19,5,11,19,35,14,17,14,23,28
DrCommonMan,3,7,4,17,3,39,7,17,10,7,11,15,25,1,1,1,10,6,6,8,30,0,4,16,12,39,28,0,19,15,3,0,3,6,7,0,7,9,14,8,2,2,5,9
driverofcar,0,36,1,16,11,1,8,10,37,20,29,17,24,23,3,23,31,24,3,45,6,0,0,25,10,15,3,29,0,4,8,5,9,5,12,2,9,12,15,15,2,8,2,4
Drum_Stick_Ninja,3,19,22,34,33,6,11,14,37,32,22,16,8,6,1,30,28,33,11,4,6,2,15,30,32,4,6,40,47,50,48,23,7,5,5,25,26,39,5,14,24,26,33,47
Drunk_hooker,3,15,2,19,10,20,7,0,4,2,0,2,0,5,2,2,2,3,1,4,5,2,8,10,5,6,4,4,45,45,39,35,10,0,0,2,10,10,12,6,0,5,5,28
DrunkSoIJoined,3,5,7,17,43,56,35,20,19,10,0,0,82,61,10,0,0,0,7,17,28,0,5,23,25,15,27,18,13,24,22,21,37,0,1,21,33,32,32,41,23,8,20,18
dukesinbad,3,4,6,4,7,16,7,6,3,9,4,11,7,14,0,2,5,14,17,15,3,0,3,20,1,8,24,2,4,11,13,5,30,14,3,3,8,4,9,10,3,8,10,6
DullInitial,5,36,22,23,35,27,11,7,21,17,44,14,36,36,21,28,37,32,42,59,31,15,5,26,30,25,31,26,30,18,14,29,19,38,9,35,40,17,28,43,14,13,33,36
dunkinbumpkin,1,9,6,2,14,0,0,6,14,13,16,3,9,6,1,0,4,3,6,14,5,0,0,3,5,16,18,12,9,12,10,15,0,1,2,9,50,14,11,17,18,11,3,7
dunkmaster6856,3,5,5,1,6,3,7,0,8,6,5,1,0,1,2,2,12,5,1,4,15,0,2,6,9,3,2,2,14,8,2,0,0,1,2,5,23,19,2,2,22,15,7,15
EddieFender,3,5,8,0,2,9,1,8,0,12,13,5,1,5,0,1,0,1,17,7,3,0,6,0,0,3,1,0,4,14,15,52,8,6,40,2,1,2,1,1,0,0,3,5
Edgar-Allan-Toe,2,0,12,25,1,28,14,9,11,8,24,7,4,5,4,10,6,2,13,4,3,0,14,5,2,16,16,7,6,18,3,25,19,13,8,18,6,11,23,21,19,49,3,11
EdwinDimik,6,6,5,14,0,18,4,3,2,4,5,12,6,29,12,2,0,12,0,5,10,0,10,24,9,3,6,10,7,16,9,8,3,10,4,4,1,7,1,7,6,9,17,8
El_Spacho,8,13,2,6,12,4,12,8,0,8,6,8,12,8,0,4,9,7,3,9,5,0,6,6,3,4,2,7,6,7,4,2,4,5,1,5,8,5,3,2,4,8,14,7
Electrichiccup707,4,15,14,12,23,26,55,12,22,26,19,24,17,11,1,0,13,11,18,12,5,0,0,5,7,34,11,14,26,9,35,10,18,22,13,6,11,27,46,26,53,33,49,22
ElizaDouchecanoe,0,7,4,3,5,8,7,11,10,18,30,20,19,15,2,10,13,12,8,9,9,0,9,6,34,18,16,7,14,6,0,13,8,8,1,0,3,6,2,4,7,8,17,4
elladexter,13,13,8,4,1,10,1,3,6,4,4,0,0,0,0,0,0,0,0,0,0,0,0,0,0,0,0,0,0,0,0,0,0,0,0,6,2,4,0,0,14,14,17,20
elpanagabo,10,7,35,23,39,34,56,26,14,18,8,23,17,5,12,2,2,5,18,14,8,0,5,5,15,9,3,2,16,25,4,13,12,16,7,0,4,12,11,7,45,2,11,9
EngineFace,2,12,23,11,2,2,1,45,20,1,2,3,0,0,0,1,0,1,7,10,2,0,0,0,8,0,0,0,0,5,3,2,3,11,1,6,0,0,1,7,4,11,1,1
erdouche,9,27,8,28,43,32,43,17,4,0,9,20,8,7,0,0,17,0,0,0,0,0,4,22,18,0,4,4,14,4,0,0,0,0,0,0,0,0,13,0,0,1,7,0
ErocIsBack,0,2,2,5,7,12,0,0,0,12,0,0,0,0,2,0,7,12,7,1,1,0,0,2,0,1,0,3,2,4,1,5,8,0,0,0,1,8,5,1,25,0,0,0
Eshmam14,1,13,15,8,1,2,5,8,2,7,0,1,0,7,0,6,6,4,7,5,0,0,0,10,4,8,14,4,3,4,0,0,1,2,0,5,15,9,7,2,4,0,5,2
Euneek,2,3,7,10,33,8,13,35,26,11,28,27,3,3,1,1,9,5,9,10,23,1,3,4,14,21,10,49,11,18,18,2,9,2,12,13,23,7,0,4,6,7,5,4
euphonious_munk,5,1,12,10,4,9,3,4,13,7,19,19,9,37,5,11,25,25,32,23,7,0,6,7,13,15,17,24,12,8,29,18,14,10,0,5,9,8,15,31,9,18,19,10
Eva_TryNotBeinRacist,2,6,1,6,3,1,5,4,5,5,1,4,4,0,0,1,1,10,0,5,5,0,4,2,2,3,8,16,6,18,3,2,2,8,0,0,4,53,14,7,7,15,32,20
Excal2,58,71,62,77,93,58,35,29,52,68,32,43,10,11,6,38,19,33,52,10,14,3,28,30,20,9,5,35,13,28,36,29,13,2,0,8,11,8,14,23,0,0,6,3
ExcitingEvent,0,2,1,5,0,0,0,0,1,1,1,4,5,0,0,5,14,24,1,1,1,0,14,4,8,12,6,4,6,9,2,10,6,6,7,7,10,7,5,8,2,14,0,7
faab64,10,72,34,33,129,95,78,41,79,38,16,86,73,61,15,32,78,80,63,109,62,4,32,112,84,77,128,90,148,97,78,122,55,72,62,20,33,68,56,73,70,41,13,46
fabumage,2,5,12,12,7,0,0,5,5,3,4,1,1,1,2,2,3,1,0,3,6,0,1,4,5,0,2,11,0,5,7,0,1,0,1,9,1,8,0,0,2,0,9,2
fade_into_darkness,0,2,7,0,4,0,0,9,0,8,5,3,1,0,2,0,8,2,2,0,10,0,1,0,15,1,1,1,4,3,9,2,0,6,5,0,2,1,2,1,1,0,2,1
Falcorsucks,1,29,16,10,29,9,8,2,1,0,0,4,14,9,4,1,13,35,22,9,27,0,3,15,28,17,32,16,13,9,12,32,25,34,9,15,19,19,1,6,12,21,5,9
fallingcave,0,2,4,5,7,8,0,1,7,0,4,4,4,0,0,0,1,6,1,1,2,0,3,2,0,0,0,3,12,0,0,4,0,0,1,5,1,9,1,4,0,4,3,9
fatpollo,0,5,11,9,3,9,5,1,2,1,1,27,18,14,0,0,1,0,0,8,5,0,20,18,0,44,19,22,10,52,8,19,12,29,11,3,3,2,26,26,6,37,14,29
FestesTestes,19,23,11,8,38,50,14,5,0,11,4,7,1,2,0,1,1,9,1,3,1,0,1,0,10,12,5,5,0,13,0,1,17,3,0,15,1,4,29,28,6,31,20,12
FiveBookSet,0,0,3,4,2,21,4,0,0,3,3,2,16,3,2,2,1,0,5,7,3,0,0,4,10,19,6,3,19,5,12,19,17,16,16,1,10,10,28,31,24,8,10,10
FloweyTheFlowerYT,1,12,29,28,16,15,17,13,9,15,11,13,21,12,9,0,15,24,16,7,8,0,9,8,14,17,23,11,12,16,33,3,9,17,3,5,7,5,16,17,4,17,8,21
forgtn,11,11,3,9,3,15,22,13,4,15,12,8,14,1,0,2,7,5,0,10,14,0,2,11,6,12,16,8,9,6,2,7,5,13,0,1,6,1,2,2,3,3,4,13
forrnerteenager,9,17,16,11,21,17,26,11,28,16,9,10,13,4,5,7,27,21,35,14,19,0,14,14,9,15,10,8,11,27,44,47,26,28,11,0,15,31,45,19,17,19,21,31
Foxer604,8,28,27,5,6,15,13,14,17,19,18,29,7,15,3,6,15,21,3,4,7,1,2,21,25,15,34,24,21,14,10,14,11,17,27,14,32,37,30,24,11,35,32,22
fractalface,0,14,5,3,1,4,0,4,5,0,3,1,6,7,6,4,8,1,2,2,0,0,0,1,0,3,2,7,2,8,0,2,0,7,0,2,5,6,4,10,9,3,1,3
FreeMyMen,6,9,3,10,10,8,0,10,5,2,6,0,2,0,1,1,2,0,2,7,10,0,1,5,7,5,7,4,1,5,14,9,21,19,28,2,5,2,3,4,8,10,8,1
Fuckoakwood,10,15,3,5,3,4,2,3,3,5,2,2,4,2,2,6,21,10,3,3,49,0,18,30,20,3,0,18,2,5,9,17,28,0,11,2,3,4,9,0,4,0,6,4
fuckoffwiththatBS,5,10,11,2,16,14,2,2,0,0,10,10,4,3,1,1,1,4,9,24,9,0,0,6,11,59,53,14,7,19,3,3,4,0,4,2,5,13,10,5,0,2,16,26
Fuhgly,5,11,16,13,7,1,10,1,1,9,7,5,8,8,0,14,20,28,25,79,17,0,2,4,10,44,33,44,136,52,11,63,3,50,0,3,16,28,1,30,4,9,14,31
funpostinginstyle,10,9,8,4,12,18,34,3,58,17,3,28,12,9,2,2,3,4,17,8,30,4,28,34,7,21,14,14,25,83,23,7,21,24,28,2,18,23,42,53,71,91,12,51
G4L4CT1C4,0,6,0,21,75,10,1,7,1,2,5,0,26,0,1,1,3,4,10,16,18,0,9,20,28,17,1,30,7,12,21,14,13,17,0,4,8,49,16,43,4,32,28,34
Gabernasher,5,6,3,50,12,36,74,22,32,15,13,58,32,184,50,85,144,43,66,19,53,3,9,10,9,4,2,6,3,9,10,22,19,18,2,8,46,34,38,36,26,21,8,11
GalacticRex,0,15,1,3,3,9,4,2,3,1,0,14,2,0,1,1,0,0,2,1,4,0,1,7,0,0,2,0,2,0,0,0,6,2,0,0,9,0,0,0,2,0,1,0
Gant0,0,0,1,1,3,29,15,1,0,3,13,3,8,0,0,0,20,14,23,46,1,0,0,28,18,26,6,3,1,12,38,16,25,38,0,0,17,24,37,25,0,0,1,40
Garlow112,2,9,4,25,39,38,49,18,21,20,47,37,65,92,12,2,22,27,12,13,5,3,16,19,43,89,39,22,35,22,21,18,24,38,0,1,14,6,9,4,9,1,2,34
Gas_Station_Knife,0,0,2,7,1,3,5,16,2,5,6,7,13,1,0,2,5,1,2,12,5,0,7,6,6,9,8,11,2,13,2,12,4,9,0,3,0,4,0,0,0,0,0,0
Gcou,0,0,12,0,0,1,11,2,0,4,1,1,2,8,4,0,0,0,0,1,0,0,9,12,14,4,3,5,14,1,0,0,1,11,0,30,0,3,3,16,3,0,0,2
gd_akula,3,1,15,6,8,2,5,5,1,6,9,9,12,7,7,9,19,17,2,6,12,1,15,7,8,33,6,23,22,18,12,13,24,12,6,1,17,17,8,8,9,21,12,13
General_GTFO,8,9,3,12,13,10,3,6,21,8,7,35,7,3,12,8,19,55,21,2,2,0,6,7,3,12,19,25,13,11,33,17,9,53,1,8,18,4,8,8,11,13,7,10
GenuinelyLenin,31,76,76,19,39,20,4,74,42,21,42,19,31,14,16,25,45,66,35,29,56,3,90,174,85,44,19,27,45,60,60,83,76,144,37,29,87,20,23,14,14,9,11,22
Gibson1984,3,4,7,4,5,4,2,2,9,4,5,0,8,7,2,2,1,4,0,2,4,0,2,6,0,10,4,1,1,0,0,6,0,0,2,8,7,7,8,2,0,0,2,17
Gigamon2014,3,6,1,10,1,6,8,8,4,7,9,0,0,11,0,2,2,7,2,9,9,0,5,6,13,13,25,18,12,8,3,0,13,25,1,4,17,7,6,24,1,5,11,11
GingaNinja97,0,1,3,5,12,2,0,10,4,9,3,5,0,11,2,2,0,0,4,7,1,0,0,1,1,3,0,5,0,9,11,10,9,0,4,3,7,8,0,1,4,0,0,11
GingerJediC,14,23,17,21,2,11,9,20,5,4,5,8,6,5,1,5,4,14,8,5,16,0,2,14,11,12,10,6,9,18,2,45,7,54,22,2,13,2,5,6,19,7,14,24
Glenn1112,36,10,15,28,60,9,39,11,32,8,17,10,5,24,15,34,18,17,35,37,16,14,21,25,16,11,32,1,7,5,1,7,10,5,10,0,0,1,0,6,4,1,18,0
Gobhoblin47,42,61,53,22,18,13,17,36,45,9,39,72,41,19,7,2,31,30,46,26,22,1,8,46,16,11,45,22,25,28,8,13,15,10,14,1,7,5,26,26,32,24,10,13
GonzoHST,0,2,4,11,3,2,0,0,1,3,2,0,2,0,0,3,4,7,1,0,0,0,1,4,0,0,0,0,5,3,2,6,4,3,2,2,17,6,3,1,0,3,4,8
GooseMan126,0,1,27,30,39,14,11,8,15,18,29,41,10,18,6,17,17,12,11,52,25,0,18,9,43,8,7,1,4,12,15,9,32,11,2,3,4,3,0,1,1,0,0,0
gravityCaffeStocks,15,34,52,30,69,33,41,45,37,36,34,16,4,23,6,19,42,26,19,27,16,0,9,38,6,28,15,22,1,37,22,53,18,15,37,15,54,28,3,20,25,27,26,34
greenSixx,17,3,21,6,3,4,0,1,8,7,25,33,2,13,0,22,16,21,6,5,17,0,6,2,11,10,4,12,12,10,42,4,0,1,10,1,10,9,1,2,2,1,8,10
Grieve_Jobs,0,1,8,1,1,11,8,23,28,10,9,5,10,5,4,0,11,3,1,1,1,0,0,13,3,14,5,14,11,17,7,4,2,25,2,0,5,0,15,8,2,1,18,7
Grimy_Buzzkill,1,0,4,0,6,4,2,1,0,1,0,1,0,0,0,0,3,2,4,9,1,0,2,1,5,10,6,18,31,4,10,0,2,30,3,6,7,10,15,9,14,6,21,14
grlc5,0,0,2,16,41,3,48,43,5,6,46,5,6,9,17,2,1,0,0,0,0,0,0,0,1,5,0,3,26,6,11,11,7,8,6,3,11,0,1,0,0,1,1,4
Groupxmariotwins,1,1,14,7,7,1,5,2,7,3,3,7,12,5,0,4,2,3,2,4,10,0,0,3,4,5,14,1,8,9,4,12,0,0,5,1,6,1,4,1,8,0,3,8
grunt_amu2629,0,0,1,2,0,3,1,3,3,4,2,4,0,0,0,3,3,1,1,0,2,0,1,0,1,1,3,1,4,4,1,2,1,0,2,0,2,1,0,0,1,5,2,0
gstapoderkader,1,1,16,0,3,11,2,4,2,2,2,1,7,0,0,4,15,2,1,9,5,0,0,4,0,2,5,9,5,12,1,0,0,2,1,1,0,0,5,6,2,10,6,0
gtfohbitchass,0,3,0,1,14,5,4,18,4,2,6,2,3,6,2,2,3,8,9,2,16,0,4,8,15,3,17,8,10,3,2,6,16,9,5,1,6,18,12,17,6,19,8,26
gtgg9,0,0,10,0,0,0,0,0,0,7,6,11,9,1,0,14,4,2,0,0,0,0,0,1,9,17,0,1,0,0,2,2,2,6,6,3,20,16,0,0,0,52,8,0
GuyInNoPants,1,17,16,1,17,9,11,23,20,36,5,14,24,4,2,3,11,15,12,10,25,0,8,8,11,21,3,12,25,5,18,6,5,17,12,9,18,17,15,6,15,6,22,19
guypersonhuman,22,15,17,14,10,73,17,14,13,27,38,12,37,20,0,6,22,9,28,13,15,1,9,5,11,10,33,18,10,2,7,5,9,21,0,1,5,4,17,10,14,4,14,4
gyrafffe,0,0,3,8,7,2,5,19,16,15,3,3,1,2,2,0,19,19,16,9,2,0,0,0,1,7,41,15,1,19,29,5,21,11,2,19,20,56,43,85,22,13,21,40
hamsterbeef,1,40,13,1,4,5,2,2,17,23,1,0,3,15,0,0,0,5,6,3,0,0,21,10,5,7,0,4,5,15,6,4,12,4,16,10,8,0,18,15,7,3,11,7
handsomejack777,0,6,2,4,7,10,5,6,7,10,6,9,4,3,0,1,6,8,8,9,4,0,2,7,12,4,6,6,9,7,1,3,5,7,5,2,4,1,3,1,7,5,4,4
HanksomeMan,8,20,7,10,18,12,30,35,64,24,24,17,36,21,3,6,48,22,11,37,15,1,79,33,25,28,25,19,48,56,26,78,20,15,16,11,38,38,25,19,15,59,56,34
Harmacc,10,18,23,28,25,45,67,84,35,9,12,10,25,41,2,24,41,38,80,59,19,2,13,7,22,17,33,43,26,64,62,54,33,68,62,2,9,1,10,24,5,17,7,11
HauptsacheGeil,12,46,53,44,44,46,48,7,15,36,10,9,26,4,0,5,12,2,4,3,11,0,1,1,7,2,8,41,8,20,35,12,18,28,15,5,15,18,4,9,6,12,9,6
Havetologintovote,18,33,18,9,10,13,1,28,15,34,25,30,0,4,0,25,39,6,3,4,7,2,11,23,48,8,6,35,14,12,5,25,20,3,15,10,22,59,31,12,72,29,26,22
healthcarebill,1,23,43,61,72,21,22,0,2,12,18,12,37,9,0,15,17,22,3,15,11,0,12,43,16,13,37,28,50,26,26,25,7,34,35,11,14,5,19,7,19,11,16,11
Heezneez3,3,10,4,2,41,3,1,0,37,10,27,16,7,25,3,10,1,1,4,7,14,0,6,3,1,11,41,22,21,1,1,11,21,8,2,0,6,3,3,0,7,0,2,16
Hellbound_Buddha,10,1,0,0,4,6,0,0,9,16,1,1,3,2,0,0,0,0,0,1,2,0,0,16,33,3,16,7,7,22,22,16,6,4,0,0,1,0,2,2,1,12,1,1
HellOfAHeart,0,15,2,0,4,6,15,7,9,5,9,8,6,7,6,4,9,3,1,7,2,0,5,8,32,10,18,4,4,16,14,4,10,9,2,7,22,30,10,17,5,2,12,5
HeresCyonnah,1,61,17,45,1,6,2,0,0,2,2,0,0,0,0,1,0,2,0,0,0,0,27,14,0,7,7,13,25,27,22,0,0,18,13,2,3,8,0,0,2,0,0,0
Herr__Nilpferd,0,2,35,6,14,17,18,8,29,46,33,30,34,9,4,26,37,26,13,42,7,0,6,18,6,10,11,3,23,10,5,6,8,3,0,5,24,8,12,19,13,53,8,33
Hexx22,2,0,4,2,2,1,4,14,7,10,1,7,20,6,7,1,3,2,0,0,0,0,1,2,2,5,1,2,0,2,13,5,2,4,1,19,30,4,2,8,3,4,0,5
heyisthisnametoolong,2,14,0,18,3,1,9,1,0,3,3,8,8,7,10,0,1,1,1,6,0,0,6,9,1,37,39,50,39,2,2,3,48,20,3,26,36,5,0,0,0,0,0,0
HipsAndNips03,1,4,17,9,4,10,2,1,5,16,0,1,15,4,2,14,2,5,17,10,1,0,2,0,4,1,3,2,0,3,1,0,3,2,1,22,1,7,9,6,2,5,6,12
hlIODeFoResT,6,9,14,13,6,6,11,3,8,3,10,7,4,9,3,7,25,32,3,4,3,0,4,13,18,4,6,5,14,17,2,3,4,7,0,8,3,14,2,8,1,3,7,4
hobo_banger,2,10,4,2,2,4,6,7,0,1,6,1,0,0,0,8,9,8,5,1,4,1,1,29,5,0,0,7,11,6,0,4,2,15,2,0,9,7,2,9,7,15,4,6
holyhell2145,0,5,0,41,26,30,3,15,6,1,11,1,0,0,0,24,15,13,7,1,2,0,37,32,0,0,1,24,20,29,24,2,0,2,0,6,4,2,5,0,0,18,15,5
HomegrownCap,0,4,5,2,0,2,0,1,4,5,6,2,0,2,0,1,4,2,2,5,3,0,1,5,23,22,14,4,7,4,5,9,0,4,5,9,6,0,3,6,11,10,6,4
hooisit,4,44,18,18,12,3,7,29,17,37,21,14,5,15,0,0,0,11,12,7,12,1,10,1,11,6,0,37,7,2,53,2,0,3,0,0,4,14,19,17,12,2,5,7
Hoovy-,0,4,0,8,35,12,7,25,12,10,23,9,0,3,0,4,0,0,2,6,6,0,0,2,1,9,21,8,10,4,3,4,4,9,0,6,5,2,5,6,5,9,15,9
HotStockSlinger,28,44,40,33,74,13,42,38,35,44,40,68,40,31,2,60,40,71,15,20,49,0,30,57,35,9,16,61,14,12,25,27,12,26,20,6,54,38,9,45,47,28,25,30
houndi,5,15,8,13,7,10,21,12,9,19,16,5,10,5,0,9,12,13,11,4,1,0,1,6,3,24,7,2,7,9,4,21,10,13,3,1,8,44,12,15,9,0,15,3
howsaboutyou,14,8,28,12,41,23,27,58,29,15,33,10,7,6,9,16,28,20,19,53,36,1,27,43,9,33,15,25,22,21,13,30,26,7,7,13,23,3,6,4,3,5,8,32
huge-asshole,2,1,3,1,3,3,12,1,0,0,0,4,14,4,0,3,19,5,15,13,3,0,0,0,0,3,4,0,3,4,0,0,0,1,1,7,3,2,2,3,2,10,2,11
humbleforeigner,0,1,0,0,8,2,2,3,4,1,0,3,0,0,0,0,0,0,2,3,2,1,1,3,3,4,1,2,3,8,0,0,1,0,0,0,1,0,0,0,5,3,0,1
Hundewu,6,15,4,9,0,10,6,8,6,3,2,1,2,3,0,6,2,6,9,3,4,0,2,3,10,1,5,2,11,23,10,6,8,6,5,32,32,14,26,24,21,5,12,15
HungUpTheJersey,5,2,2,4,5,22,8,2,4,7,13,3,10,28,7,7,18,20,9,2,6,0,2,9,23,24,16,21,3,5,23,12,7,15,1,7,14,2,0,8,9,9,8,1
HURCN_hugo,9,6,1,3,53,5,8,3,12,15,12,5,4,3,3,2,8,8,8,6,4,1,0,0,5,11,5,0,5,10,7,10,7,1,0,0,6,14,3,1,10,15,8,3
HurricaneHugues,1,15,13,8,17,9,0,12,23,11,7,2,1,14,7,1,5,9,0,0,8,2,2,0,0,0,23,0,0,0,3,0,0,8,0,0,0,0,0,0,13,5,0,3
huuaaang,22,34,34,32,19,21,10,24,28,27,32,3,0,9,12,11,0,0,4,4,7,3,25,29,27,12,35,34,25,26,36,19,16,0,0,23,44,17,25,24,15,20,7,21
hypatiaC,0,31,11,7,2,1,0,25,9,6,0,1,1,0,0,2,13,0,12,18,5,0,1,0,0,1,29,0,1,0,5,1,4,7,0,0,12,2,0,7,21,3,5,2
i-dont-use-caps,17,18,55,42,50,12,8,11,61,47,52,32,8,8,0,6,7,7,7,16,3,0,5,5,3,4,6,17,15,29,7,3,2,7,7,26,6,3,8,2,17,18,12,5
icchifanni,3,9,5,3,11,3,2,15,16,9,7,3,7,5,0,3,11,3,4,1,38,0,0,1,17,1,6,1,5,3,0,11,62,8,4,8,2,9,8,4,10,6,0,2
idea4granted,5,1,4,2,1,20,1,0,7,6,5,6,10,1,0,8,8,7,14,8,3,0,1,0,10,19,8,6,5,18,12,48,9,3,7,14,20,62,23,23,5,14,14,16
idgahoot,0,0,0,1,2,0,2,0,8,1,0,1,1,1,0,6,3,35,9,19,36,2,34,30,22,14,17,5,13,28,1,5,0,0,8,3,30,32,30,44,8,28,6,19
iGalaxy_,5,13,105,8,50,2,0,36,15,19,11,7,28,10,4,10,31,23,2,8,2,0,0,40,13,1,26,6,9,23,3,5,14,1,36,8,28,3,10,5,0,11,14,5
imahsleep,9,7,19,67,25,8,1,28,38,12,0,12,0,0,5,27,18,15,15,16,5,0,9,17,5,7,6,13,21,8,45,14,0,2,0,36,95,25,0,1,55,17,6,33
ImpeachedDrumpfkin,2,4,7,1,2,8,1,0,4,0,0,0,1,0,8,3,2,6,7,3,3,0,1,0,6,0,4,3,1,1,1,2,1,1,1,0,1,3,0,0,3,2,1,1
inkedblooms,0,2,0,1,0,6,16,0,0,16,10,5,5,23,0,3,13,1,3,9,11,0,0,9,21,15,15,10,11,15,38,14,2,0,19,1,8,25,0,4,7,24,0,7
isitrlythough,5,17,23,21,3,2,5,15,16,8,28,20,15,1,0,10,5,15,13,5,9,4,8,2,0,13,19,7,1,0,8,22,6,4,1,3,14,10,15,2,29,19,6,9
isles478,63,106,90,95,15,17,10,25,14,22,43,164,49,63,62,51,145,116,43,59,207,0,173,278,155,20,75,194,135,41,39,1,13,53,44,16,10,1,0,7,26,14,13,4
IsThisDestiny,31,31,34,3,3,0,5,33,19,18,2,5,3,29,0,19,23,19,18,25,7,0,0,0,1,1,1,9,23,5,14,3,4,1,19,6,4,2,14,8,9,9,5,4
Its-Average,7,13,15,7,28,3,6,2,1,5,2,4,10,10,1,1,3,6,8,11,6,0,1,13,2,6,22,29,34,35,43,28,58,12,9,12,15,11,31,49,39,49,22,54
j_aurelius123,14,3,18,9,0,0,6,12,0,6,1,3,6,1,1,7,12,8,8,5,21,0,6,5,14,0,3,6,4,1,1,2,0,19,10,1,0,0,0,5,1,1,0,2
JakeSnake07,13,6,9,21,6,0,7,8,4,5,11,4,15,4,8,8,15,17,5,16,8,1,7,7,6,15,5,12,8,5,12,8,18,4,6,12,30,4,6,14,1,2,5,16
jameskies,4,2,8,0,26,17,7,4,9,27,29,40,9,2,1,13,27,9,33,29,6,2,25,42,65,20,43,6,5,10,19,15,8,37,12,1,5,17,24,1,20,1,4,28
jamesnollie88,7,8,3,3,9,16,1,32,7,0,0,0,2,5,8,0,0,1,0,0,0,6,0,1,1,2,0,1,0,0,0,1,0,1,0,1,0,0,0,3,10,0,0,3
jannydoesitforfree_,2,6,6,5,7,6,7,13,15,26,21,4,7,3,6,6,10,13,14,20,10,0,15,8,7,3,13,6,5,1,13,4,11,14,11,4,8,13,5,6,7,5,10,22
jarsnazzy,7,63,17,10,20,18,7,3,5,0,1,5,1,4,0,0,0,0,0,0,0,0,0,8,2,2,10,8,17,2,11,5,2,0,3,4,12,0,19,3,2,3,5,3
JayJayFrench,0,10,15,23,10,13,37,15,7,11,16,15,21,30,9,6,12,12,6,20,17,0,5,20,19,13,38,18,7,13,26,22,14,45,11,22,56,41,7,62,37,36,19,29
JayPunker,5,4,1,3,7,18,30,71,42,3,65,52,15,3,1,0,5,25,20,27,26,2,7,39,52,39,17,2,0,16,3,32,20,60,73,40,90,104,5,7,9,2,1,5
jaysws16,10,12,31,88,72,75,6,27,63,43,21,11,9,27,4,18,10,7,23,20,20,0,9,16,5,27,55,0,0,0,6,13,16,3,1,13,26,30,30,34,30,9,55,42
jerrysawakening,0,76,1,0,0,0,11,24,0,1,1,0,0,0,0,0,0,0,3,10,5,0,2,7,7,1,1,17,0,0,1,0,0,2,0,0,0,14,29,23,42,12,6,6
JerseySlim,1,3,2,6,1,1,1,6,4,8,0,1,0,0,1,2,3,0,0,1,1,0,4,3,2,1,0,2,2,4,6,5,3,1,0,3,3,9,1,4,7,10,11,12
jess_albas_twin,2,13,6,8,8,26,51,21,21,24,26,15,27,31,0,12,35,39,11,4,0,0,5,14,27,46,12,1,6,43,65,16,79,47,1,1,12,4,26,35,65,51,78,46
jessflyc,8,31,31,12,9,19,8,5,20,7,7,14,34,10,7,4,15,10,4,16,0,0,0,1,5,30,24,15,9,8,1,40,23,47,10,0,8,2,44,18,2,1,12,0
jewjewbee_1234,4,0,55,93,102,25,26,56,2,23,35,12,0,0,0,0,0,0,0,0,0,0,14,8,10,14,31,26,14,32,25,29,54,43,4,29,16,10,8,6,1,2,0,6
jiiib3,2,21,29,22,37,1,1,0,8,12,17,17,13,1,0,4,14,18,5,2,6,0,2,5,39,0,0,7,1,0,19,31,25,39,16,3,11,11,0,3,31,35,52,25
jimmaybob,1,10,7,9,21,14,6,18,9,4,12,1,23,13,0,0,4,25,10,12,12,0,10,8,2,2,7,6,3,8,7,2,5,5,6,11,5,0,5,12,3,10,12,16
Jimmysbuffet48,4,2,8,8,13,9,41,23,21,8,18,7,9,26,0,3,2,7,7,17,9,0,3,4,27,13,28,32,5,10,13,12,21,36,14,0,4,3,2,3,2,3,10,9
JohnnyBGaming,27,2,0,14,21,13,19,40,24,10,6,8,6,0,3,19,19,25,8,23,11,1,15,12,17,6,32,49,31,38,38,11,38,36,15,13,0,7,10,4,29,23,25,62
Joker_Arsene,0,0,1,7,0,0,5,1,1,1,2,3,0,0,0,0,1,0,0,2,6,0,0,1,0,1,0,1,9,63,0,0,4,1,0,3,0,21,2,0,0,2,0,7
Jokijole,16,7,5,5,20,18,8,13,8,7,8,2,4,15,2,0,32,11,5,10,10,1,15,4,0,25,8,1,6,1,4,15,10,12,4,5,7,14,15,10,6,4,6,15
Jon-Shannow,0,0,9,1,3,8,19,1,2,11,5,9,17,21,8,0,9,3,9,16,15,0,11,16,4,16,24,38,31,45,7,1,3,5,1,27,74,23,26,56,27,33,24,11
JonnyRichter,9,30,16,8,51,38,47,50,22,45,55,56,11,63,19,8,47,81,10,111,11,0,3,38,18,9,39,24,18,30,19,115,81,11,47,13,21,61,41,18,49,83,46,157
JoplinCW,31,12,21,29,34,52,7,14,17,17,38,32,31,60,2,21,59,27,37,75,36,4,48,14,24,12,29,4,69,33,16,41,37,12,24,20,3,20,12,16,7,0,6,3
jshepardo,35,5,10,31,27,3,4,7,10,5,12,8,6,0,0,15,4,17,3,1,15,1,6,21,44,11,6,34,5,24,1,0,0,0,34,0,2,7,3,21,3,0,1,10
KageSama19,9,25,10,9,24,0,2,3,17,9,10,1,4,2,0,4,6,6,0,0,3,0,0,0,4,2,4,11,2,0,17,10,0,6,3,2,1,1,0,2,13,9,10,17
kai_okami,0,9,10,2,33,29,30,15,12,18,14,7,21,9,0,6,0,20,18,35,9,0,1,1,27,2,0,18,22,4,5,2,11,7,22,8,0,0,0,2,2,11,1,6
kaiden017,0,0,0,1,18,70,78,39,34,7,36,34,35,17,2,11,17,4,5,12,17,1,35,11,30,1,10,11,0,5,1,4,0,1,1,2,0,1,8,2,0,8,51,3
Kansas_Is_The_Reason,1,2,5,4,1,3,3,2,5,1,6,4,0,1,2,2,0,1,2,5,2,0,0,0,4,1,1,2,2,3,4,0,1,0,0,8,3,3,12,3,6,5,1,0
KayvahnyeWest,2,17,18,23,17,29,20,8,3,0,0,9,29,23,5,23,28,18,27,24,30,0,5,16,5,7,16,13,13,16,14,24,29,8,24,14,9,5,2,16,13,9,7,8
Kazan,14,7,7,4,12,9,12,1,5,18,10,18,6,9,2,15,23,16,4,10,19,1,1,70,14,4,7,17,50,68,22,14,8,4,5,2,6,24,18,7,31,23,19,60
KebabistEagle,9,4,10,21,11,5,15,27,4,4,9,6,11,2,0,0,16,18,17,28,9,0,12,16,16,9,17,26,13,4,5,2,8,13,24,27,21,19,6,3,3,17,4,8
kejigoto,12,14,5,18,7,6,5,19,10,15,22,4,18,3,1,2,8,6,17,8,12,1,8,6,7,5,10,15,12,13,15,8,5,4,5,9,11,3,15,5,5,2,3,17
kgxv,7,18,23,34,20,2,45,13,25,23,4,16,4,1,3,3,5,2,1,1,0,0,6,0,0,1,1,0,0,1,0,1,0,0,0,0,1,0,1,7,13,4,0,1
kiefgod,0,0,0,0,0,0,0,4,0,0,0,1,3,4,1,2,2,1,6,5,1,0,0,1,6,2,1,0,2,3,4,0,1,0,1,0,0,0,0,0,0,0,0,0
kildar3,0,22,15,11,15,6,4,25,7,24,19,22,10,18,3,2,1,26,7,39,28,1,0,2,11,9,15,37,18,23,13,5,1,10,4,9,7,32,25,18,7,9,6,13
kildog,0,4,12,2,7,8,1,3,4,2,0,5,0,10,0,0,4,8,21,14,16,0,7,2,10,9,10,17,30,0,12,2,4,8,6,6,4,10,8,1,11,10,13,10
Kingca,7,16,5,5,9,8,3,2,2,13,6,4,0,3,0,1,11,11,9,2,2,0,0,4,30,1,0,1,0,0,0,0,2,2,7,0,10,9,3,4,2,13,19,17
Kingsta8,6,13,10,11,6,22,14,5,7,10,22,3,14,17,26,10,25,5,10,12,5,0,12,10,33,19,22,10,20,40,56,72,25,13,6,8,5,30,13,31,30,47,18,38
kiwisavage,0,32,16,44,11,23,27,10,12,18,9,45,4,41,5,5,16,5,46,23,14,0,4,7,18,6,13,17,29,10,6,5,7,12,12,1,1,9,5,1,16,3,0,0
Kl1596,0,2,2,14,16,1,6,22,6,15,26,11,0,1,0,0,0,1,4,0,2,0,0,7,5,1,12,7,17,1,1,2,0,2,1,6,10,15,14,8,22,11,13,26
Kluey,19,4,13,13,31,11,15,7,21,16,13,17,13,10,7,17,2,7,7,10,13,0,3,7,6,14,2,17,7,35,19,14,16,15,17,13,17,19,23,2,6,2,11,11
kobyxh,5,27,38,14,6,22,0,16,13,12,0,0,15,6,4,7,27,14,4,11,8,0,3,2,3,2,5,1,4,8,7,7,6,13,24,4,7,13,8,5,5,10,11,8
KogMaster_9000,3,9,15,3,1,20,27,18,20,5,6,25,2,14,0,4,7,19,7,0,2,0,34,136,58,18,5,3,4,4,2,10,9,27,55,0,0,1,0,0,0,3,1,0
LaLongueCarabine,11,16,7,10,18,3,9,24,22,11,23,7,42,16,0,2,1,27,10,16,7,1,15,4,14,8,23,11,16,15,22,27,17,28,11,29,68,9,16,10,25,42,22,12
Last-Plate,0,18,10,0,8,3,7,3,5,7,3,4,2,5,0,1,3,5,1,0,3,0,0,12,11,7,1,7,3,5,1,1,3,2,5,2,17,7,1,6,3,15,7,13
LBJsPNS,0,6,17,18,28,30,23,15,12,9,32,5,18,18,3,3,36,37,37,16,26,0,22,17,15,27,43,14,26,15,25,4,9,25,16,12,22,21,21,20,7,13,16,27
le_epic_gaymer,1,25,11,9,12,10,9,17,3,7,5,9,1,2,0,0,1,7,1,10,14,0,0,4,7,14,14,14,28,18,24,6,9,16,9,4,13,7,0,9,14,15,9,20
Legit_a_Mint,0,0,0,100,91,32,0,0,0,0,1,1,0,78,13,0,74,29,22,46,118,3,2,1,41,59,60,92,80,30,2,9,68,68,36,0,31,18,66,10,1,0,35,51
let_me_shirt_that,1,4,24,14,9,24,36,17,14,58,28,23,19,18,1,21,18,2,22,22,3,4,3,22,18,1,0,33,19,44,12,22,15,9,0,8,12,6,6,10,22,10,15,4
Lethn,8,12,26,7,9,16,24,15,32,14,6,9,31,12,2,20,12,21,25,12,0,6,8,34,19,21,15,9,42,33,22,37,15,40,8,30,17,34,18,6,5,26,14,21
lewis_von_altaccount,9,51,65,17,65,30,16,58,71,23,19,4,93,18,11,21,10,0,0,4,78,0,7,79,92,84,120,17,10,51,21,21,19,20,26,12,62,47,20,52,47,63,8,27
lFuhrer,0,5,0,5,6,17,8,24,4,16,3,16,20,11,10,4,0,0,0,14,46,0,17,9,11,9,3,6,20,43,27,10,13,6,7,5,4,12,37,39,15,18,48,41
liam_c145,4,12,19,15,13,8,19,5,4,13,11,24,28,6,8,8,9,16,11,12,25,0,16,14,6,12,2,2,15,14,10,7,2,4,1,7,12,23,10,8,28,25,20,10
liamw-a2005,34,15,41,36,25,16,42,16,24,5,18,42,29,21,4,23,37,48,9,15,39,0,4,17,72,22,29,8,4,34,21,26,13,33,26,6,3,38,18,9,20,43,21,16
Liberty_Call,26,19,13,31,40,36,16,15,34,32,26,84,50,63,6,21,4,26,12,25,26,8,43,28,16,13,45,36,25,28,29,14,23,32,13,20,94,49,31,96,64,65,94,107
liberules,6,22,21,13,20,10,29,48,41,23,24,21,17,31,9,15,40,30,3,13,16,3,10,14,29,7,22,23,25,10,11,11,4,2,5,5,34,16,20,9,40,21,39,49
LIGHTNINGBOLT23,1,8,39,17,76,45,31,5,3,9,13,1,19,0,0,21,32,14,29,4,2,1,1,5,14,6,17,15,13,40,30,15,19,21,6,4,1,24,11,19,17,18,5,54
Lilbits417,3,11,73,10,5,9,0,20,39,34,24,25,12,31,1,7,18,22,18,17,18,0,12,9,16,21,60,21,62,72,36,31,8,14,5,14,20,19,20,8,4,12,5,4
LimitedNetwork,13,6,16,44,10,14,15,49,43,51,23,8,0,2,1,4,2,3,0,3,1,0,0,28,39,34,27,28,25,31,57,32,28,14,19,70,71,8,74,54,79,18,17,41
lmfao_my_mom_died,7,50,56,32,32,19,18,19,35,21,11,23,11,12,0,9,20,7,0,7,9,0,12,29,32,43,27,27,22,50,21,12,58,32,17,17,32,19,20,24,21,25,21,24
lnvisibleGhost,24,38,8,17,10,6,8,9,22,4,9,19,65,12,3,2,11,16,23,4,15,6,4,25,29,17,5,24,11,20,29,44,3,14,14,24,14,15,20,10,2,3,1,3
lol_nope_nicetry,5,45,8,18,16,38,34,23,20,25,7,37,7,4,0,1,0,2,15,26,17,2,49,4,9,10,8,7,14,3,23,2,8,6,10,0,5,0,7,22,6,8,31,33
Lollypop_warrior0325,0,5,6,1,13,0,14,2,7,5,13,2,5,11,1,2,2,2,1,9,3,0,0,6,1,7,10,15,13,1,4,35,7,2,0,9,8,16,0,5,7,7,15,6
loopback123,1,1,6,4,1,0,0,0,3,0,5,7,4,3,1,0,0,3,5,0,2,1,11,19,9,16,0,2,2,8,6,16,0,22,18,3,2,2,2,1,0,1,2,8
lost-my-ither-reddit,0,2,1,1,6,1,4,1,1,1,4,15,2,16,0,2,15,7,3,6,0,0,1,12,10,22,20,7,23,22,10,6,30,20,3,2,2,0,3,6,2,0,12,16
lotm43,2,12,13,9,12,7,10,3,4,7,10,15,14,26,28,2,15,20,9,20,38,0,2,16,19,15,5,5,26,38,45,23,16,28,7,4,37,21,36,4,21,26,13,22
love2fuckbearasshoe,24,138,60,106,97,172,146,44,159,168,41,44,86,135,25,48,25,69,145,200,54,0,2,7,48,158,48,89,25,110,12,24,67,150,40,81,96,126,124,110,130,125,166,60
Loveshooter,0,3,0,1,4,2,1,1,1,0,3,2,0,7,0,0,1,1,3,2,2,0,0,2,0,0,0,1,0,0,0,0,1,0,0,0,2,2,0,1,2,4,0,4
lovestheasianladies,5,18,1,2,25,2,3,22,10,8,13,3,2,0,0,0,4,2,6,13,8,0,1,14,11,1,0,2,3,16,17,21,10,11,0,4,18,1,6,1,9,13,4,21
Luc1_F0x,6,12,25,53,5,11,19,10,23,34,38,24,8,31,4,13,56,83,43,71,70,0,10,56,40,101,24,88,56,33,32,13,26,36,10,39,78,59,66,107,6,10,28,41
lucid_scheming,3,5,3,2,1,3,1,0,1,0,1,7,1,3,1,4,4,5,0,4,3,0,0,6,3,6,6,9,8,0,2,3,2,0,0,5,1,26,16,0,5,8,5,0
luciddionysis,1,3,1,6,0,6,6,6,9,14,8,22,9,11,11,1,1,0,0,3,0,0,2,1,7,4,9,7,10,16,7,27,9,11,13,3,11,18,4,13,55,18,47,66
Luke_Dongwater,0,12,6,4,9,10,32,14,10,13,8,19,57,4,2,5,28,15,34,12,9,0,0,11,18,9,3,6,1,1,0,6,8,13,8,0,11,12,26,15,29,54,48,114
lurkinandwurkin,70,51,51,68,12,1,2,16,17,59,37,51,30,7,1,11,19,7,0,0,7,1,22,20,13,0,0,12,14,37,8,57,0,4,0,0,7,7,2,0,4,21,4,5
luxulterior,1,1,1,0,0,0,29,17,17,10,13,11,1,3,0,10,28,18,6,1,4,0,11,23,6,12,1,6,3,2,8,7,13,7,6,9,4,14,2,10,23,18,5,2
lyamc,1,0,17,5,6,7,7,12,0,51,119,28,29,149,42,6,5,29,49,49,16,0,7,21,35,90,28,41,66,6,11,41,125,78,34,15,44,18,12,19,14,4,14,8
M3ME_FR0G,5,7,4,10,13,0,12,6,24,69,14,22,10,0,7,1,9,0,2,2,8,0,0,11,92,15,6,54,18,0,19,5,1,1,0,25,16,54,28,6,20,0,69,46
macacu,0,8,13,4,5,3,0,8,11,23,13,4,5,0,0,6,39,17,32,22,17,4,14,51,7,4,1,94,82,57,67,16,8,5,0,10,57,19,28,86,59,107,33,7
Madetoday451,0,10,29,3,10,3,15,3,10,6,6,6,5,8,2,0,4,12,10,10,12,0,0,1,7,30,17,14,16,13,14,19,21,25,10,0,11,6,6,1,6,7,2,7
madman1101,16,45,15,21,11,4,20,16,26,13,34,55,21,25,1,9,30,16,22,19,12,0,20,57,20,15,19,55,56,29,43,52,6,19,4,21,25,41,7,4,4,20,25,8
Marinade73,11,4,5,9,15,18,19,22,46,6,14,2,8,17,1,0,2,1,4,1,2,0,8,7,0,25,6,1,2,0,11,6,14,10,25,3,3,26,19,28,7,13,16,0
MatrimofRavens,16,9,24,11,18,7,14,14,13,11,11,16,10,6,0,16,8,12,6,14,13,3,6,17,5,21,9,9,16,25,33,31,26,6,0,4,26,28,13,19,31,30,33,21
Me_Gee,5,7,16,8,12,5,10,6,13,2,0,0,0,0,0,0,1,0,0,0,0,0,0,0,1,0,0,0,0,0,0,0,0,0,15,24,14,18,32,5,3,40,12,23
meanjake,3,6,3,5,16,6,1,1,2,1,17,12,2,13,0,4,5,8,3,7,1,1,2,3,5,0,44,14,3,11,9,2,7,3,3,28,13,12,60,8,11,4,6,5
MeanPayment,26,32,12,38,13,14,21,10,11,17,40,22,12,38,23,19,21,11,4,0,39,0,15,66,26,12,2,0,0,0,0,0,0,0,0,7,18,28,27,21,9,12,1,13
MegaBBY88,0,0,1,1,2,3,0,0,0,0,0,2,6,0,0,0,1,2,3,0,5,0,2,46,8,3,8,4,11,16,6,5,8,0,1,4,12,13,7,11,0,5,53,30
Megadog3,10,18,5,16,42,1,3,30,8,11,22,5,3,10,2,0,16,8,13,2,9,0,2,16,35,38,26,17,5,4,7,6,7,15,9,3,9,34,21,4,24,5,2,0
MegaMindxXx,7,15,9,15,32,26,14,34,29,28,22,31,4,1,0,22,28,4,1,0,13,0,11,24,23,3,16,22,29,33,11,18,12,24,0,9,17,9,15,23,3,20,19,19
Meglomaniac,1,39,81,6,44,59,40,133,110,2,18,31,70,49,0,13,7,4,1,47,2,0,13,45,17,27,4,36,6,19,10,49,90,14,1,51,31,36,20,13,34,21,21,7
memedog1,0,9,6,7,11,4,13,6,2,8,19,0,2,1,0,3,2,7,6,8,20,0,2,12,18,10,4,23,17,8,9,15,9,10,0,3,4,9,1,9,6,4,1,3
meriticus1,4,13,23,4,4,0,11,16,14,20,13,16,22,31,21,16,13,10,21,17,4,0,2,2,4,4,16,14,11,7,18,29,3,31,10,7,0,22,0,25,14,7,17,9
messedupbeyondbelief,5,8,17,23,1,7,11,5,2,1,12,3,8,5,3,0,9,6,12,7,9,0,2,1,1,1,5,29,31,8,5,7,2,0,0,9,21,1,7,9,7,2,0,2
MetaFlight,24,23,14,8,15,3,11,19,57,15,31,31,10,48,1,20,23,19,28,13,3,0,3,23,13,46,34,25,13,13,27,9,3,8,0,4,9,2,0,6,8,13,11,12
MetaPyro,3,12,17,22,29,14,9,6,15,11,15,20,33,23,7,4,3,1,19,7,17,0,14,56,49,27,21,22,12,13,4,10,10,4,2,28,27,17,19,20,26,17,4,18
Miataman20,1,13,23,6,8,4,9,30,14,10,6,41,9,4,0,9,14,8,16,17,34,1,3,19,9,5,11,0,2,15,12,11,6,31,7,7,20,19,18,23,13,8,3,16
michael_green_04,0,6,5,46,13,1,21,11,5,0,0,33,0,37,10,1,1,16,1,0,3,0,18,21,2,9,1,16,8,3,0,2,38,13,1,16,7,0,9,23,19,2,0,14
Mikeydoes,3,0,25,29,29,0,0,0,0,0,0,0,2,2,0,0,3,0,0,6,6,0,22,13,15,4,17,4,10,57,22,90,8,0,4,8,20,7,103,6,2,21,2,32
milanistadoc,1,4,2,6,0,2,1,0,0,1,8,4,3,14,0,4,1,3,0,0,0,0,0,1,1,0,6,3,2,3,2,0,2,0,1,8,1,2,7,8,4,8,0,2
MilkyLikeCereal,21,32,33,46,22,3,24,23,10,17,8,12,12,3,2,9,7,7,26,3,39,2,7,3,18,5,27,8,4,9,8,1,6,28,3,19,3,18,12,2,18,3,16,1
millennialchaos,2,2,1,1,2,17,3,8,9,2,1,1,2,7,1,2,6,13,4,6,7,0,4,10,2,0,6,4,15,12,25,13,10,8,12,3,9,10,0,6,4,8,10,3
mistermidas11,1,8,3,13,12,6,21,2,6,1,5,5,17,15,0,7,1,8,3,1,5,0,4,2,0,8,1,4,9,8,2,4,0,0,2,0,3,0,5,0,0,0,2,0
MittenofSeasons,0,5,13,24,4,16,8,7,0,7,1,6,1,1,3,3,34,11,11,11,11,0,5,3,7,8,8,6,8,6,15,30,7,12,3,0,16,10,15,17,19,34,48,7
mixingu,0,0,8,2,0,0,0,2,17,2,10,0,3,0,0,0,0,0,0,0,1,0,0,9,0,3,0,0,2,1,0,2,3,0,1,3,6,59,22,31,60,21,6,53
MoneyBizkit,9,34,63,20,22,22,20,35,29,18,13,10,0,5,11,4,29,13,2,1,24,0,0,41,27,9,2,14,5,6,0,0,14,11,14,4,34,26,14,20,51,56,9,12
MooseBayou,23,6,6,14,7,16,30,51,45,58,88,86,83,75,13,45,25,73,44,50,40,0,44,123,76,66,38,40,35,32,12,27,49,10,13,25,17,19,15,60,54,58,60,55
mooselimbsareterries,11,51,19,29,21,49,8,10,19,52,18,1,7,5,0,22,26,17,33,26,2,1,12,29,35,51,27,22,22,0,0,0,0,0,0,0,0,0,2,5,14,22,28,21
moosiahdexin,13,16,25,19,4,20,6,15,14,12,10,2,1,21,9,12,10,9,24,7,9,0,5,9,16,21,5,13,7,8,12,7,7,7,14,2,14,7,6,4,10,13,11,16
MostlyCorrectGuy,46,9,9,30,36,14,20,9,16,10,4,0,1,0,1,0,2,9,2,7,7,0,7,9,19,3,1,0,0,23,13,34,8,1,2,0,6,25,16,26,58,14,7,22
Mr_Barry_Shitpeas,0,0,3,13,6,7,12,11,14,7,11,32,6,24,0,2,3,20,20,3,12,0,2,9,3,4,23,15,13,9,2,10,21,4,12,1,28,18,6,15,5,10,28,12
MrGoodieMob,4,7,2,8,3,1,9,2,11,8,12,6,14,8,0,12,3,8,5,16,8,0,2,7,7,6,1,7,2,4,3,0,1,4,1,0,1,0,2,3,2,13,8,0
MrMallow,1,16,13,16,13,24,9,4,14,1,38,47,2,1,4,7,37,23,64,42,12,2,19,49,26,22,21,8,15,25,44,28,7,8,1,40,25,68,21,16,61,30,44,27
MrRandomSuperhero,2,0,3,30,14,8,5,1,8,2,3,11,31,31,0,4,28,1,7,3,2,0,1,1,15,3,7,11,0,2,3,1,21,8,0,0,6,5,7,11,7,6,7,13
MrSpidey457,1,0,10,13,0,0,0,2,1,0,0,1,0,2,0,0,0,0,0,0,1,0,1,1,4,0,3,1,2,11,3,2,5,4,1,2,0,4,0,2,7,2,2,0
MrTacoMan,19,77,66,53,19,7,25,103,89,91,28,36,39,17,15,50,27,17,22,36,67,0,9,41,35,32,30,28,38,47,60,42,36,74,11,47,98,110,82,49,69,40,63,58
mrxulski,8,15,6,10,20,17,17,9,9,6,18,7,7,9,0,14,7,26,19,25,24,8,14,12,23,17,5,11,8,16,9,12,5,8,7,3,5,6,6,19,14,15,14,10
Muscar,0,2,2,0,5,7,3,10,8,2,6,7,10,24,2,1,9,4,3,2,9,0,1,1,11,0,1,0,0,2,3,1,1,1,7,6,1,9,2,4,16,6,11,7
my_cholula,13,9,22,13,8,6,8,4,7,8,4,32,5,3,1,10,1,2,2,2,11,0,5,6,6,22,3,11,5,0,2,4,7,3,4,5,8,18,3,2,0,2,4,2
Myleg_Myleeeg,0,6,2,13,3,0,5,4,2,5,12,5,0,5,0,2,18,1,1,0,0,0,3,3,33,1,4,7,8,6,34,2,15,3,1,8,3,5,3,8,4,7,10,12
myusernamewastaken91,0,0,6,11,40,3,2,32,2,0,1,4,4,1,7,0,0,20,26,0,0,0,0,0,0,16,1,0,0,5,0,0,0,0,0,0,36,35,1,0,1,0,0,0
nahteviro,7,3,19,12,2,7,0,24,15,13,52,11,4,4,3,8,24,14,9,16,22,4,24,23,22,4,4,37,34,21,29,38,40,14,8,4,18,12,2,14,18,27,20,37
nakedsexypoohbear,7,13,14,4,22,8,1,22,9,36,11,5,2,9,0,5,34,11,4,24,62,0,33,44,13,1,2,15,12,22,6,7,2,6,3,6,7,62,2,7,31,9,13,28
natopotato123,2,18,32,0,1,0,6,38,34,3,12,0,9,29,0,36,26,66,14,62,30,0,0,0,9,60,23,1,15,4,11,37,14,24,1,8,29,28,41,15,3,35,1,3
ned_krelly,13,3,2,3,5,4,24,5,8,10,47,23,37,4,4,30,32,35,21,25,45,1,15,67,32,19,3,10,2,6,9,167,32,10,3,14,18,17,11,12,33,79,37,33
nerys71,24,8,16,94,24,66,34,16,45,6,8,21,13,51,18,2,9,33,5,27,0,8,9,7,96,80,13,118,42,32,13,22,15,8,23,12,22,22,4,31,66,15,6,50
NFSpeed,11,25,34,39,4,28,6,3,21,14,1,8,17,10,0,3,4,22,37,36,18,0,8,17,25,9,22,42,41,14,22,49,21,12,5,22,10,7,4,9,8,12,17,24
NH2486,4,9,0,9,2,13,0,1,3,5,10,3,0,5,1,5,1,2,5,4,2,0,0,1,2,3,1,3,1,11,5,0,5,4,0,2,8,1,7,3,13,2,3,11
noirdesire,1,4,3,2,4,16,9,5,20,8,8,11,1,13,0,0,21,4,6,1,3,0,2,11,3,16,5,3,19,12,11,21,5,4,2,4,6,4,9,7,3,4,14,19
nominalRL,0,0,2,5,4,12,27,9,3,3,3,3,8,17,6,1,0,4,4,3,5,0,7,0,7,0,1,3,5,1,7,14,5,2,4,7,2,5,7,16,1,1,1,4
Nope-Im-anonymous,3,1,9,3,1,3,2,5,5,2,8,25,8,2,1,5,21,11,2,18,13,0,1,3,3,1,5,11,14,8,23,6,5,6,1,2,31,8,19,41,63,58,42,45
notapotamus,0,1,4,3,1,0,6,2,0,2,6,4,4,1,0,5,1,20,9,9,3,0,6,36,25,17,21,20,23,17,13,22,26,7,6,11,8,2,20,5,4,14,18,7
Nothing-Too-Fancy,19,12,25,4,21,20,5,10,9,15,19,26,6,11,2,3,2,12,8,1,7,0,14,0,0,0,0,0,0,0,2,10,1,1,0,30,15,25,11,3,21,0,2,19
Now_Do_Classical_Gas,0,3,1,0,10,27,17,22,30,41,21,6,3,3,0,0,22,31,26,14,31,3,7,3,45,17,9,12,12,6,3,1,0,0,0,13,0,20,1,8,0,33,12,19
Objective__Evidence,3,11,16,49,8,45,19,7,16,6,39,22,2,0,0,8,14,9,17,42,15,6,3,127,30,27,1,9,30,38,35,12,21,31,11,0,10,9,8,14,6,10,5,4
OddJackdaw,1,9,14,23,16,31,17,29,22,22,9,17,10,23,7,1,14,20,36,13,14,2,16,43,35,38,35,8,25,18,4,16,13,13,8,1,23,33,35,18,13,4,14,28
OGFlakah,0,6,2,12,11,1,8,7,9,9,13,3,9,1,5,8,6,28,4,3,0,0,0,0,0,0,0,11,6,2,5,19,29,11,2,6,4,4,11,3,4,6,4,9
ohbabyspence,3,3,4,4,21,1,9,2,3,4,2,12,28,2,9,5,6,7,0,2,18,2,0,0,12,2,1,2,12,11,12,4,0,6,0,1,2,2,1,1,20,3,1,3
OhJohnnyIApologize,2,9,7,6,20,8,2,19,6,4,10,22,3,1,0,1,7,16,10,0,1,0,0,0,7,2,0,6,4,2,9,4,2,9,5,26,7,33,8,16,17,5,15,16
ohpee8,3,16,9,19,35,24,24,9,21,4,7,10,21,15,11,4,5,19,12,17,12,0,6,39,54,59,29,38,15,46,24,38,61,33,16,17,27,22,32,53,27,44,76,54
Ohuma,11,27,11,13,20,10,12,8,26,22,36,17,10,20,0,1,5,29,11,7,22,2,7,19,4,33,6,12,22,9,18,16,9,7,21,22,47,14,25,43,14,25,19,19
oif3gunner,11,43,25,34,90,39,48,24,20,71,44,73,48,26,0,6,16,16,1,2,17,0,7,13,19,10,8,4,29,30,51,34,38,72,74,2,17,11,118,30,59,142,30,109
olfilol,12,34,27,12,8,4,2,10,2,3,1,0,3,2,0,1,2,3,2,7,0,0,0,4,3,2,0,6,9,2,2,11,1,0,0,0,0,0,0,0,0,0,2,4
Oneshoeleroy,8,24,27,16,6,8,15,6,29,9,8,9,22,7,1,7,9,5,3,4,2,0,0,3,13,8,1,8,9,8,12,4,15,9,0,8,11,23,12,9,10,7,9,13
OneTaoThree,3,28,10,17,18,13,15,28,11,11,6,19,12,11,2,9,4,2,12,2,5,1,4,3,15,0,11,5,6,17,6,36,3,7,3,5,8,7,6,12,24,12,14,3
Oracle343gspark,2,8,11,27,7,7,7,6,23,9,5,11,11,18,13,16,32,27,32,30,29,0,25,19,29,18,36,10,28,27,38,10,21,10,13,4,26,6,5,5,7,6,9,13
Order66cookiecutters,7,6,8,14,28,15,44,23,60,13,71,33,30,22,6,8,9,23,26,42,10,1,2,30,60,28,0,0,3,62,16,37,14,33,57,13,39,54,35,2,1,0,1,9
ordinaryBiped,20,7,5,23,31,98,64,57,39,91,44,22,152,44,6,28,55,39,82,58,45,2,37,87,85,75,49,74,14,68,6,29,27,59,18,49,13,20,23,27,27,12,10,8
OrionLax,2,49,39,22,60,22,18,18,24,67,24,47,24,24,2,2,0,4,17,8,20,0,8,18,7,41,37,11,9,16,36,7,15,5,4,11,1,20,10,12,17,26,0,3
oss_spy,9,10,23,24,26,7,16,13,18,26,15,11,4,4,5,17,7,3,3,15,13,1,26,24,27,8,7,11,29,12,14,6,0,17,31,15,3,13,9,8,15,23,19,8
ostreatus,0,1,2,3,4,0,6,2,1,4,6,1,2,6,0,1,1,8,4,6,0,0,9,11,4,23,3,3,1,1,3,6,0,9,7,0,6,6,4,0,1,16,23,10
owoifier,128,265,294,272,291,220,253,253,263,261,257,277,262,267,92,151,287,231,269,252,309,220,320,267,346,330,259,300,267,300,319,290,304,334,143,236,390,383,305,354,327,310,300,305
Owstream,14,18,14,10,6,17,9,26,2,6,18,3,0,0,0,6,3,14,1,1,8,1,12,33,8,14,11,22,26,13,18,21,14,0,6,27,65,31,1,33,73,45,20,29
PainfulPeanutBlender,39,100,95,73,50,10,5,1,5,3,9,3,8,18,1,5,15,20,13,11,6,1,1,7,0,5,1,4,14,5,2,20,6,18,18,76,81,104,73,66,39,60,35,40
Painless_Candy,18,22,43,27,19,17,23,28,52,21,23,54,19,13,0,10,39,51,27,52,20,0,8,27,59,45,61,45,14,25,8,7,45,5,7,30,14,30,20,9,16,13,8,69
pamplem0usse-,5,7,7,6,1,7,0,10,3,0,1,10,6,0,3,1,6,2,2,3,7,0,5,1,4,6,2,63,11,2,8,5,1,3,5,8,4,7,0,7,4,4,1,0
PapaHola,1,8,4,8,6,4,1,0,0,3,8,8,1,4,0,0,1,0,3,1,0,0,0,1,0,0,1,3,15,5,12,1,1,1,0,0,3,3,0,3,23,33,7,27
papichulo_1,1,3,12,40,3,21,2,8,18,23,21,11,3,2,0,12,12,6,1,10,8,1,2,11,6,14,8,30,21,9,15,14,0,9,4,8,25,15,5,11,24,16,17,1
PapyrusGod,4,3,3,2,3,33,53,22,41,56,43,23,42,63,9,23,26,68,61,62,45,2,17,36,47,55,28,14,21,23,20,27,39,26,16,4,11,17,28,53,30,32,29,10
patches1212,1,0,3,3,10,3,6,5,4,25,8,0,0,9,5,2,5,5,2,14,5,0,4,7,8,7,13,1,20,22,0,0,0,0,0,4,5,0,2,1,1,1,4,4
PAWG-fest,2,10,69,51,12,0,12,19,16,55,19,10,14,5,0,0,0,0,0,0,0,0,6,5,4,3,5,0,2,2,3,0,0,0,0,0,2,20,21,19,13,22,9,17
Pax_Empyrean,3,6,30,7,8,7,5,4,7,11,5,11,7,5,0,2,2,5,12,22,16,6,18,17,4,1,0,6,3,6,4,7,13,8,1,1,5,19,7,12,0,7,12,6
PayMe4TradeIdeas,1,6,9,21,30,18,31,21,28,5,1,0,0,2,0,2,0,0,0,0,0,0,0,2,18,13,10,7,14,2,4,5,3,0,0,5,19,16,5,5,2,2,3,13
pbaydari,2,0,2,0,2,2,3,1,5,0,1,14,4,0,0,0,0,4,18,8,2,0,4,12,13,29,2,2,0,2,4,0,15,5,3,12,3,5,9,1,0,0,0,1
PeachyArt,5,18,9,22,20,7,49,34,41,18,12,17,19,17,1,4,26,11,46,16,16,3,11,8,0,7,58,19,3,2,0,2,1,0,0,1,0,3,0,9,0,0,1,0
pedantic-asshole-,2,0,0,0,0,0,0,6,36,12,27,15,5,8,0,13,15,14,18,18,13,0,9,23,37,31,17,27,25,34,35,27,15,57,6,5,1,19,7,16,1,2,11,24
Personal-Judgment,0,7,12,12,6,28,26,41,9,6,16,15,8,2,6,4,16,0,5,23,13,0,18,12,7,10,10,12,5,7,2,6,3,1,4,2,0,0,0,0,0,2,0,0
Philo_Beddoe99,10,30,48,18,20,0,5,7,6,10,9,13,0,1,2,11,37,23,20,45,22,1,13,44,13,11,20,17,4,62,21,16,24,16,28,0,32,18,13,4,5,3,31,37
PhilTheStampede,7,9,12,6,15,3,21,3,1,7,21,12,9,1,0,4,4,5,7,13,6,0,1,0,0,0,2,3,0,3,0,0,1,9,3,0,1,0,4,27,5,3,1,26
PickelDik,0,2,1,15,8,3,4,13,0,0,2,0,20,17,1,9,8,2,5,6,4,0,0,3,7,6,8,2,6,6,6,8,4,6,2,3,13,21,21,21,7,4,8,6
PineappleWeights,4,37,7,16,7,4,1,13,1,6,6,7,6,8,1,0,0,0,3,4,15,0,1,9,4,3,7,9,3,29,13,2,2,3,1,1,4,3,2,3,2,4,12,14
Pits_and_ass,0,8,12,7,23,5,0,3,14,14,1,2,6,3,0,39,18,4,3,11,5,0,4,10,6,0,3,10,2,8,13,9,1,0,1,21,25,15,6,11,7,3,16,0
PM_ME_SEXY_MONSTERS,12,2,0,1,15,3,35,12,14,9,43,39,17,5,50,8,22,15,15,16,43,0,20,116,21,9,19,87,21,12,32,35,13,9,71,0,4,0,0,7,92,105,0,18
PM_ME_YO_TITS_PLOX,14,21,37,12,12,13,3,2,16,10,17,21,15,18,5,10,15,10,12,19,9,0,7,9,15,14,11,18,4,5,14,10,3,8,2,9,5,12,8,21,13,10,14,22
POKEMONGOTOTHEGULAG,2,34,17,62,27,14,39,48,19,3,79,23,27,14,0,11,72,42,4,36,51,0,60,30,55,42,46,57,67,42,67,37,38,23,6,1,40,38,63,34,11,28,16,40
PolishBearSneeze,24,9,34,41,19,24,18,14,29,21,16,8,10,19,3,14,20,15,5,10,36,0,14,33,23,22,25,8,19,19,28,13,6,11,11,7,10,3,10,5,11,25,10,20
ponch_gigabyte,1,2,6,34,6,18,12,12,4,9,3,1,0,22,2,0,6,8,21,19,2,0,3,15,16,5,13,19,23,8,21,3,8,31,6,1,9,15,16,18,2,0,9,3
poopchute123,0,7,3,7,1,1,2,1,3,2,5,1,3,3,0,0,0,0,0,6,7,0,17,7,12,6,7,11,6,11,7,5,3,9,6,3,18,13,12,16,3,0,0,1
PotentialCover,2,13,4,6,22,4,2,6,7,21,12,12,6,27,0,6,2,8,12,17,31,2,3,14,3,8,5,14,1,3,16,17,7,10,0,2,5,5,6,6,1,3,0,26
prallundfeucht,10,17,24,7,13,3,6,1,0,0,0,1,10,0,0,0,0,0,1,0,0,0,7,1,2,6,18,21,16,1,5,12,6,0,0,13,28,2,4,1,0,0,5,2
ProfetenEdgar,12,26,26,11,14,12,5,2,17,44,8,2,20,23,5,6,12,14,6,13,1,1,0,3,1,0,9,20,1,2,0,9,7,5,64,23,11,3,16,2,6,3,0,5
protozoicstoic,3,1,4,15,5,3,7,38,0,2,0,35,10,56,19,0,0,13,14,29,1,1,8,36,13,6,7,7,0,22,27,28,27,6,0,39,3,32,8,29,7,45,29,93
PruMpr00th,26,25,13,5,15,12,58,60,62,45,40,37,0,0,5,0,11,14,3,17,16,0,7,9,18,10,2,4,27,15,21,40,14,5,12,4,22,42,1,21,4,23,12,30
PsychoShampoo,0,2,4,3,5,13,6,7,8,7,13,18,14,9,0,7,11,4,18,6,12,0,0,2,3,6,6,10,10,13,21,16,18,4,4,9,9,26,22,9,29,10,24,84
PsychotherapeuticGag,1,0,2,14,8,21,9,2,2,24,0,0,7,15,0,0,0,4,1,1,1,0,9,5,2,7,40,2,2,12,7,34,10,9,5,0,1,8,4,0,3,18,5,1
PsySick,13,18,15,2,16,26,31,25,3,23,17,15,1,26,0,8,12,15,58,31,12,0,7,37,17,40,14,15,21,5,43,17,8,11,0,10,5,3,7,48,51,9,12,9
PublicMoralityPolice,4,0,2,19,9,16,9,7,4,6,0,0,0,0,0,2,8,13,5,2,6,1,10,13,11,2,8,16,4,4,5,5,2,2,2,10,7,6,1,11,13,16,14,4
pump4iron,29,62,36,105,62,30,53,53,65,61,45,64,16,36,8,39,38,40,2,12,12,0,35,41,32,18,21,42,34,18,66,13,9,8,5,16,18,21,8,10,16,20,10,21
pumpumpgone,3,1,1,0,11,2,0,9,17,3,8,2,1,7,1,3,3,8,3,1,2,0,3,2,2,2,5,4,1,1,5,2,3,12,0,4,5,2,0,2,0,0,0,0
puppysnakes,0,29,0,7,1,1,0,35,16,18,11,3,6,4,0,0,0,0,2,0,1,0,9,12,0,12,3,0,2,2,0,0,2,5,0,1,5,15,0,13,9,0,0,0
Pure_Tower,1,16,18,25,19,22,17,24,41,13,36,16,13,0,0,16,34,22,25,28,14,0,4,22,20,21,45,42,10,27,30,6,10,22,8,15,29,28,16,27,35,41,2,13
qdobaisbetter,0,45,46,7,2,5,6,13,16,18,18,19,2,2,0,19,11,6,3,1,1,0,1,0,0,0,0,3,0,13,4,2,1,8,0,2,3,14,5,0,0,0,3,1
Quantum-Ape,1,5,4,15,2,16,2,5,16,6,13,3,16,27,1,5,7,29,14,10,16,1,8,6,3,9,9,11,1,0,0,5,6,4,20,16,19,5,3,3,19,8,6,13
Queen_Combat,3,15,19,8,17,26,8,19,3,4,0,5,13,4,1,1,0,3,9,9,2,0,14,17,4,2,5,10,7,1,6,19,1,5,4,3,21,1,30,20,46,1,1,4
ramensoupgun,0,3,3,2,2,1,0,3,13,18,6,9,9,8,0,2,3,5,8,1,1,0,3,4,3,6,3,1,6,4,9,2,3,16,4,9,11,11,14,13,4,3,1,0
RamenWithoutBroth,0,0,6,13,3,19,7,20,9,12,14,26,5,2,2,0,23,31,6,43,13,2,9,12,3,3,11,30,34,35,1,3,3,9,2,4,5,21,38,2,9,9,37,7
Randaethyr,4,17,21,10,4,2,24,3,38,18,37,43,6,11,6,17,20,6,11,17,4,0,15,9,14,8,9,1,22,6,8,44,20,31,3,2,0,40,24,25,58,5,14,2
randomredittor21,5,10,22,11,8,6,8,7,25,12,4,25,11,5,0,4,3,11,7,6,7,2,7,14,11,15,10,12,1,2,6,6,7,8,2,0,13,11,3,11,7,4,8,5
rasafrasit,5,18,30,13,5,3,3,18,17,8,16,13,0,7,0,8,27,17,5,9,24,0,22,10,11,1,6,6,12,9,5,5,1,0,0,2,6,9,4,1,14,7,29,14
RattleTheStars39,0,7,3,7,1,2,9,3,1,4,0,2,5,1,0,1,5,5,2,5,6,0,9,9,4,12,3,12,5,10,7,6,5,3,1,9,10,0,38,12,20,7,12,26
Rattus28,1,0,1,1,2,0,6,23,33,3,9,13,29,1,0,14,6,2,30,0,0,0,0,3,0,0,4,1,4,0,2,1,0,0,0,1,0,0,19,4,21,1,1,2
Raunchy_Potato,38,25,26,53,16,0,0,8,24,20,11,18,3,6,0,47,32,33,3,0,25,12,52,25,43,4,0,21,35,57,31,60,18,19,3,51,37,24,6,0,27,16,42,41
Rdubya291,5,11,11,9,12,1,5,19,9,7,8,9,3,0,0,7,8,5,5,1,5,1,1,7,4,4,2,0,17,6,1,7,7,11,0,6,8,4,2,10,1,0,5,6
RDwelve,2,3,0,0,7,2,3,2,0,9,1,4,3,7,3,16,18,6,5,3,2,0,0,20,24,24,56,27,12,48,19,21,11,9,3,11,19,8,37,22,9,15,12,4
Reagan409,4,13,4,14,24,5,7,30,8,8,5,7,27,24,16,54,67,35,13,15,25,2,24,87,51,40,111,41,15,5,15,49,84,31,9,7,33,15,16,80,24,14,21,10
reconditecache,2,62,55,16,25,14,58,19,18,33,23,32,7,8,0,7,35,33,55,29,45,0,17,10,11,13,19,58,26,49,64,31,6,38,4,44,2,12,13,36,27,56,34,64
red-brick-dream,6,32,20,29,0,0,0,0,0,0,0,48,6,4,0,21,15,13,21,30,9,1,8,18,29,5,0,10,9,15,15,7,5,7,4,4,17,22,3,10,4,10,12,18
red2320,0,1,4,10,15,6,14,9,3,7,9,1,3,8,1,1,0,5,7,2,1,1,3,14,4,5,3,1,0,2,3,42,20,12,21,8,6,3,2,5,10,4,1,0
RedditFan1387,6,25,41,9,7,12,3,5,10,15,32,20,6,10,0,10,11,24,7,0,13,0,0,6,9,10,14,3,3,9,3,10,13,4,12,8,20,7,16,9,15,11,1,11
reeepepe69420,10,9,13,18,14,36,19,16,10,1,0,2,5,6,0,0,49,14,12,0,0,0,0,0,29,13,66,13,29,43,11,64,3,17,31,0,26,4,9,25,2,11,0,3
remembersurfninjas1,4,3,7,3,12,4,6,8,1,3,1,0,17,6,0,0,3,1,3,13,4,0,0,2,1,11,7,9,2,1,0,1,3,0,1,0,0,1,0,0,0,1,2,1
RemoveTheTop,1,1,4,17,13,3,3,9,6,1,4,3,13,1,0,11,21,6,2,1,2,0,0,5,1,3,3,0,2,7,2,3,1,3,1,0,9,6,2,3,6,12,23,9
remuonparas,23,53,47,41,56,40,19,30,25,114,8,54,34,23,14,21,37,27,27,19,49,0,1,13,14,34,74,36,45,66,61,66,26,60,32,18,24,53,23,41,57,20,37,29
Rennta27,0,3,2,16,0,0,1,0,2,0,0,4,0,2,0,0,4,3,5,0,0,0,0,2,0,3,2,4,7,1,2,3,7,8,8,1,8,0,6,6,13,4,4,12
RetiredTurtle,2,4,17,6,26,2,7,21,8,10,17,14,36,29,35,24,3,10,7,6,17,1,6,3,0,27,26,23,13,7,19,7,6,26,4,0,15,13,8,22,26,11,10,7
Rhyuzi,8,7,11,8,4,12,4,6,5,2,9,9,6,9,0,6,6,8,7,9,6,0,1,7,2,10,14,13,9,7,5,7,8,7,6,2,3,6,10,4,10,11,6,9
Richzorb1999,1,10,6,0,4,2,0,2,24,4,0,1,2,1,1,0,13,18,14,55,20,0,16,14,8,1,9,5,12,1,3,2,7,11,12,1,23,57,6,10,7,13,11,3
Ricky_Robby,11,30,16,23,23,22,25,5,64,8,22,39,198,17,0,12,28,9,27,15,7,2,9,15,44,18,24,29,25,7,20,16,18,63,2,1,30,19,32,38,44,21,15,46
riffraffs,13,4,6,14,17,20,0,9,11,9,7,7,7,7,4,1,14,51,6,16,10,0,1,1,19,19,10,6,15,12,7,6,9,5,3,1,5,1,0,8,19,4,8,17
rmwe2,15,34,16,24,66,29,6,14,10,18,30,34,14,32,8,23,36,33,5,7,1,1,5,3,3,24,11,15,7,40,7,0,5,0,5,17,17,3,0,12,11,14,17,17
Robbie1266,9,18,50,17,5,9,1,1,3,15,1,0,2,0,3,2,0,3,2,19,39,0,32,69,43,2,1,18,9,11,9,5,1,1,0,4,15,3,11,0,2,26,29,14
roberj11,9,9,35,29,22,23,19,59,5,18,1,2,42,23,11,3,10,6,45,59,12,0,1,14,25,50,7,10,6,51,0,2,23,13,8,38,3,32,11,34,4,30,5,6
RobertaBaratheon,0,7,2,8,9,27,12,14,0,9,12,9,3,2,1,3,10,11,2,4,5,0,0,0,2,8,7,4,0,1,15,2,0,0,0,4,2,2,2,1,10,3,1,0
rocco1256,13,25,101,107,34,53,29,49,42,59,5,44,88,71,1,9,5,1,14,1,27,0,6,44,129,67,171,149,167,210,110,63,80,132,72,29,14,93,1,31,56,127,210,195
rochesterjones,1,7,7,6,18,19,2,11,19,35,19,34,34,35,7,7,14,31,22,33,21,0,11,11,8,26,10,11,16,19,6,14,10,19,7,4,22,11,26,33,22,10,30,20
rockstarlifebecallin,1,11,5,0,0,0,12,18,8,19,20,13,3,4,0,8,7,26,19,13,20,0,12,12,13,19,6,14,13,13,12,2,16,18,33,8,50,166,11,19,26,72,59,52
Roger-Shrederer,8,13,11,28,17,10,20,40,25,27,15,22,3,41,13,53,49,99,33,35,24,0,22,37,17,15,6,35,14,13,7,7,8,50,14,9,31,44,15,26,39,80,58,71
Roulbs,2,14,5,14,22,11,9,18,16,9,16,18,12,14,4,13,30,31,19,23,20,0,16,32,9,27,30,22,16,27,9,20,21,19,12,3,9,9,7,18,9,6,4,3
rowdybme,0,1,5,4,6,2,0,2,0,2,8,10,4,0,0,0,0,2,4,5,4,0,3,2,18,9,3,3,7,2,7,21,10,6,10,0,1,15,11,18,5,11,3,10
RQ-0430,0,21,7,20,27,17,4,10,0,18,3,21,48,5,3,2,21,26,1,0,3,0,0,4,5,22,2,20,8,7,20,11,21,0,3,8,0,3,10,5,1,17,11,5
Ruthless_CEO,13,58,67,58,21,21,23,53,38,38,63,70,37,30,4,25,28,19,17,33,31,0,19,28,25,22,17,7,9,27,18,8,13,7,0,2,18,19,16,15,6,14,5,13
RyFisch,11,15,8,1,14,5,10,30,9,15,8,5,10,7,5,5,14,22,24,10,9,0,18,23,11,6,7,7,9,18,13,4,28,21,5,11,8,14,22,17,21,14,12,9
RyokoMasaki,8,33,18,14,7,29,8,5,18,9,10,5,4,4,0,2,4,3,3,21,1,0,0,9,10,14,5,3,6,8,10,8,3,28,18,0,26,7,1,13,21,13,7,5
S-K_123,5,9,13,9,13,6,4,11,8,5,13,15,8,13,3,5,8,12,10,8,7,0,10,7,6,12,17,5,15,7,21,13,4,18,9,2,10,15,12,7,13,16,8,5
salamanders2020,13,6,10,2,0,6,0,2,4,4,1,7,4,1,3,4,7,8,0,0,5,0,20,21,2,8,1,20,5,8,9,9,18,2,13,5,9,4,14,8,8,6,16,21
Salty_Socks,0,5,3,18,9,1,2,14,15,4,13,5,4,9,6,4,4,8,2,7,10,0,6,4,5,10,7,19,3,14,5,5,10,1,4,2,0,8,2,3,4,8,8,12
samuelsabado,0,7,9,11,5,15,7,10,16,13,9,4,13,11,11,0,6,1,4,7,7,0,3,1,29,7,10,10,8,0,1,2,8,2,4,0,0,0,3,1,0,10,1,9
samuelx94x,4,5,9,21,1,0,0,0,9,10,11,1,0,0,0,13,31,0,0,0,6,0,10,1,14,0,0,34,35,0,0,0,0,0,0,2,1,16,0,0,7,15,11,1
Sc400,2,2,5,5,5,23,2,0,1,10,5,7,12,1,0,9,2,3,6,0,0,0,0,0,0,1,1,1,1,3,4,4,0,0,3,3,4,5,8,5,0,0,8,4
ScarecrowPlayboy,1,9,5,1,8,5,2,13,6,9,9,13,8,7,1,3,4,3,14,15,6,3,10,9,14,12,1,19,13,3,6,24,18,14,6,6,6,10,9,10,13,10,5,8
schwaiger1,1,4,16,6,4,4,4,3,12,3,2,8,15,4,0,4,14,11,4,3,4,0,0,9,6,11,9,3,2,4,4,18,10,11,5,1,21,2,0,3,10,14,18,6
scrapethepitjambi,22,1,12,7,20,0,1,3,11,9,4,7,0,0,7,0,9,5,1,1,2,0,10,6,1,3,0,3,1,7,8,8,23,6,6,2,1,6,2,13,15,12,40,17
scrumbagger,13,6,16,1,1,0,0,4,2,21,7,27,10,21,0,6,15,12,5,5,16,0,5,23,58,24,30,12,18,50,57,21,19,6,15,7,12,15,25,14,26,21,20,67
seizeittol,23,14,36,41,36,35,7,57,23,33,48,41,19,7,4,46,20,30,57,35,11,0,14,37,2,7,15,16,3,0,10,8,6,15,9,22,22,13,16,17,24,22,24,5
Selethorme,12,52,36,38,30,19,20,25,47,19,3,9,12,69,31,0,11,65,18,13,50,1,5,4,51,30,89,26,48,38,55,18,35,50,89,22,46,71,32,38,34,54,40,56
Sensitive-You,0,10,6,8,12,6,2,7,13,22,5,4,3,1,0,68,29,33,15,4,39,6,1,0,0,5,19,23,36,25,37,18,6,33,19,16,24,11,1,7,25,16,10,14
seventyeightmm,12,3,5,1,0,0,2,4,21,11,23,7,3,5,3,17,11,4,4,3,1,3,6,22,25,3,10,13,26,31,7,5,1,0,0,20,19,13,2,11,50,43,21,26
sfengi,4,1,12,6,27,10,5,15,6,25,8,5,5,4,7,1,4,3,3,11,3,0,7,14,1,3,9,6,1,6,17,7,0,11,0,2,6,5,11,1,8,1,0,1
Shaman_Bond,5,7,8,8,9,14,0,6,8,5,1,3,1,1,0,4,1,11,21,14,0,0,0,5,1,6,1,8,11,3,0,0,3,16,0,0,1,2,6,1,4,1,1,4
ShaquilleOhNoUDidnt,10,31,75,10,18,27,20,25,9,0,16,9,77,23,5,2,26,23,51,19,44,0,2,51,24,39,17,19,43,46,36,14,54,54,8,8,33,23,22,13,64,67,55,107
Sharkzilla4590,5,5,8,9,2,8,6,9,4,4,1,12,13,5,1,9,7,4,9,9,3,0,1,7,6,4,8,4,0,0,0,4,4,5,0,3,5,9,2,9,2,8,2,18
Shoresy69,6,8,15,14,4,5,0,1,0,5,13,0,1,0,0,0,13,11,21,3,2,0,7,4,16,3,2,4,6,1,3,1,0,10,6,1,4,2,0,21,19,2,17,4
sifumokung,4,13,24,34,24,3,0,17,37,32,60,32,5,11,13,3,34,95,44,15,36,1,35,43,53,2,3,16,14,47,51,19,3,11,10,101,83,30,4,0,13,22,25,1
Sirius401,6,24,13,6,6,12,5,2,2,11,14,12,4,0,1,32,12,15,15,5,24,0,4,8,17,6,12,4,17,17,16,5,12,1,4,1,12,12,28,17,9,31,15,2
Sithsaber,1,14,99,15,22,12,7,70,24,54,41,21,54,23,5,3,5,29,54,7,19,2,3,3,16,15,11,11,22,27,21,17,29,8,3,1,50,4,10,4,4,6,26,23
Sixemperor,0,3,39,18,8,10,19,2,2,4,1,5,1,4,0,2,0,1,16,27,29,0,3,14,4,1,1,15,3,8,9,13,11,0,0,0,0,74,137,89,23,11,10,1
Skovmo,33,78,54,53,28,12,29,41,28,60,20,4,14,2,1,31,28,9,3,6,28,0,23,26,7,5,5,20,10,35,27,9,10,19,7,9,24,5,1,1,26,25,40,32
Skynada,0,11,13,10,14,9,21,6,3,9,22,26,3,26,2,4,38,9,35,31,7,0,28,21,17,21,8,24,87,39,59,55,98,129,38,12,33,85,91,40,54,31,15,51
Slingster,1,20,5,33,2,26,10,4,8,3,10,8,0,12,1,4,2,10,18,5,9,1,11,0,5,4,5,2,3,18,10,0,0,0,0,1,3,4,2,5,1,0,11,3
slyfoxninja,8,6,3,23,75,59,11,42,10,100,12,19,5,131,6,13,43,9,9,20,10,0,4,27,21,49,8,17,78,55,57,29,30,12,37,0,0,2,3,11,0,6,32,36
SlylingualPro,1,30,12,24,50,9,1,13,27,8,45,4,4,4,6,4,28,15,16,49,11,8,2,45,27,21,11,14,34,22,5,21,24,3,25,11,25,1,5,6,42,22,4,8
SmegmaOnDemand,22,44,40,32,23,7,21,29,20,30,29,28,5,12,1,7,11,41,13,14,1,0,6,0,15,42,8,20,34,19,24,21,50,8,11,11,24,18,6,1,17,30,21,37
smexyporcupine,1,2,18,3,1,0,7,3,5,1,4,1,2,4,1,2,1,3,1,3,0,0,3,3,12,1,3,2,0,1,15,4,2,1,0,0,8,3,8,9,10,3,0,1
sneer0101,8,12,10,14,2,3,0,0,7,12,8,0,3,16,1,6,7,16,0,6,6,0,11,7,3,1,17,3,9,13,5,4,10,7,1,10,18,2,0,12,10,18,21,0
sneeringpython,10,71,67,19,36,7,3,2,0,3,25,16,24,12,2,11,31,37,3,9,19,0,16,18,36,57,25,44,3,7,45,4,16,1,3,24,17,29,20,11,4,13,20,16
SnowedIn01,5,11,12,11,3,15,5,15,8,11,9,0,12,10,1,4,14,9,14,5,7,0,6,19,19,5,23,18,7,29,20,9,16,12,33,4,18,22,12,9,14,12,5,9
Socksmaster,0,3,4,0,2,8,1,1,0,4,9,7,23,12,0,2,5,28,26,10,9,5,6,19,25,5,52,45,28,6,8,1,0,2,1,0,3,1,6,0,5,6,14,1
Softspokenclark,18,26,39,63,77,23,12,41,23,53,41,42,22,8,8,7,16,15,5,8,4,0,3,21,10,1,5,13,21,12,12,5,4,9,0,4,28,28,8,9,24,18,9,12
Sombrere,9,27,26,10,7,12,17,3,3,0,1,5,6,6,0,0,7,8,16,4,0,0,11,30,19,13,15,10,15,2,8,7,4,4,2,31,21,8,6,24,24,9,9,10
some1thing1,40,25,10,18,16,8,6,9,9,29,30,6,4,3,8,5,14,33,8,11,9,2,3,17,24,11,35,2,57,23,8,4,42,50,4,43,10,36,4,11,26,22,13,26
SomeOtherGuysJunk,5,8,7,9,6,1,1,4,7,5,1,7,1,19,2,1,8,6,4,2,0,0,2,0,6,10,0,12,5,6,10,5,3,1,0,1,0,5,8,1,0,1,7,1
SorosIsMyFather,0,2,8,4,0,1,0,1,0,0,1,0,1,1,0,0,0,0,0,5,1,0,0,1,1,1,2,0,0,0,2,0,1,8,4,0,2,0,5,3,3,0,0,0
specialdialingwand1,1,10,10,4,3,9,16,6,17,10,20,19,30,12,8,9,6,12,20,19,9,0,4,8,10,8,8,12,7,10,18,9,19,12,3,9,24,14,13,10,16,15,4,11
speedysolar,4,3,2,38,12,24,23,15,62,18,6,7,12,4,4,1,22,14,7,9,15,0,11,7,19,2,17,10,6,14,13,6,8,3,1,1,14,13,4,3,2,3,6,2
Spencer_Drangus,0,2,8,1,6,3,8,6,7,15,8,19,2,1,0,0,1,0,4,6,0,0,1,2,19,2,1,1,4,1,1,9,5,2,1,7,6,5,0,0,1,0,1,2
SpeshulSawce78,0,11,6,4,8,9,6,11,6,6,6,9,16,6,3,1,17,5,9,6,9,0,4,18,9,49,14,5,8,5,1,3,1,7,5,0,0,0,0,0,0,0,2,3
Spike_Jonez,30,66,69,55,86,87,29,30,23,11,36,25,58,37,23,134,73,106,86,102,42,0,77,50,37,49,45,182,33,158,50,112,164,138,48,37,41,92,61,79,71,54,125,52
Splattered_Smothered,0,2,7,4,0,21,1,11,8,2,8,10,7,2,5,1,3,9,18,10,9,0,3,7,13,10,9,8,6,2,5,8,7,2,1,8,13,2,14,0,15,3,15,13
Sredni_Vashtar82,2,17,3,9,5,3,0,2,2,8,0,0,10,3,0,6,8,6,16,0,9,0,0,0,3,0,0,7,2,1,23,3,2,0,0,0,1,0,1,3,1,13,5,10
StarBlazingSpaceWolf,0,7,1,3,1,10,3,7,7,0,6,20,8,14,2,2,7,0,0,1,0,0,0,0,1,1,2,1,9,0,5,1,1,5,3,0,0,9,14,2,7,15,11,18
StartsWithFuckYou,0,1,0,1,0,1,0,0,1,3,6,2,1,2,4,7,11,8,12,4,0,0,4,15,3,1,0,1,0,0,1,0,0,0,5,0,1,0,0,0,0,2,0,11
StatistDestroyer,11,19,3,9,16,2,2,6,21,0,31,32,0,0,0,0,7,9,0,16,20,2,37,9,4,0,0,11,5,14,17,7,0,0,4,48,17,42,0,0,7,4,2,8
StBlops2cel_is_Lord,0,28,70,96,99,85,139,25,65,94,107,21,88,28,0,0,0,0,0,41,43,0,52,51,18,71,113,58,92,43,16,28,51,28,29,28,71,10,11,68,2,35,46,32
steeveperry,3,32,29,23,11,14,7,8,38,6,4,9,26,7,2,19,14,4,9,13,33,0,0,0,3,14,6,7,7,13,5,11,21,23,16,8,28,23,14,6,3,23,23,8
Stem_scar,12,18,5,7,16,10,35,16,5,1,11,17,22,30,0,11,14,14,6,23,23,0,5,12,54,22,28,23,21,14,15,17,22,19,2,1,27,16,11,18,4,20,18,30
Steve_Danger_Gaming,4,15,29,11,2,0,1,17,3,1,2,6,1,3,0,11,9,28,2,1,1,0,2,0,1,2,0,1,4,0,12,0,1,1,0,0,4,30,1,2,0,0,3,17
stevefrench707,6,28,53,25,22,12,13,31,92,90,52,70,70,66,8,6,10,17,35,27,33,0,50,38,37,21,35,14,5,0,0,8,3,10,1,0,0,0,0,0,9,50,95,47
Stevey854,6,4,19,28,145,79,49,13,9,5,19,37,20,3,0,27,25,29,5,9,23,1,9,25,21,40,49,48,40,57,85,51,90,68,28,10,9,6,28,37,21,33,15,40
stewmangroup,10,13,12,16,1,4,0,0,5,1,0,0,0,7,0,4,28,13,4,7,0,0,6,9,6,16,7,12,31,12,9,13,1,0,0,2,6,14,39,18,1,5,0,14
stillafatkid,1,11,2,3,4,6,19,3,11,1,3,0,1,3,1,1,10,12,7,8,5,0,14,6,8,6,18,1,7,3,6,20,9,10,1,3,8,2,2,7,7,13,16,19
stipiddtuity,1,41,30,14,13,29,16,0,7,1,18,25,22,15,2,2,5,2,25,4,0,0,4,7,5,8,10,7,2,13,9,2,1,2,0,3,1,0,20,28,6,5,5,2
Strange_Songs,1,5,0,0,2,1,0,1,3,4,10,0,0,0,1,0,6,0,2,3,5,0,0,5,3,3,4,3,0,1,2,0,0,1,1,0,1,4,2,5,8,6,8,3
StriderTB,10,14,20,18,8,2,1,7,13,18,9,14,1,1,3,8,9,9,5,5,24,1,13,36,13,1,1,13,10,7,16,14,1,2,0,3,7,9,0,4,6,13,5,4
subpargolfer109,2,0,22,1,1,2,18,16,5,0,3,6,8,42,0,6,2,3,15,11,10,0,6,12,4,5,7,4,12,3,3,20,10,15,5,0,6,7,18,18,3,1,1,4
SuddenHospital,0,2,0,2,0,0,1,1,1,4,1,0,0,0,3,0,1,0,1,3,1,0,1,4,6,4,2,8,0,5,4,3,2,4,6,0,2,3,3,7,2,7,1,3
Summit66,0,22,35,10,8,4,7,0,2,11,28,9,51,14,5,32,36,8,18,30,13,5,13,11,23,72,16,8,40,14,2,29,2,8,2,0,1,0,0,2,9,3,3,6
Supercoolemu,6,17,7,5,31,14,29,2,15,10,24,20,15,15,3,9,26,16,12,6,35,2,20,24,15,16,9,4,1,32,13,3,16,10,12,20,29,31,28,13,13,102,22,19
SuunW0lf,2,20,15,10,12,6,4,31,8,0,0,0,0,0,0,0,0,0,0,23,2,0,4,10,18,67,55,0,34,14,30,20,44,31,0,3,9,10,17,0,2,2,33,19
Swagger_For_Days,9,15,14,6,13,0,3,4,5,10,5,4,1,1,0,7,6,2,0,3,0,0,2,6,6,3,0,3,1,3,4,0,0,0,2,7,10,3,3,10,5,7,1,19
Swaggy_B92,0,43,26,29,16,0,1,0,2,0,0,0,0,0,0,0,0,1,0,0,14,0,9,22,17,3,4,39,36,19,12,6,1,1,5,0,0,0,2,2,4,6,6,0
SweatyElk1,1,8,11,18,20,6,4,10,28,18,30,49,12,21,7,11,3,9,6,15,51,1,15,16,9,13,12,20,21,39,8,2,7,0,6,6,50,9,22,7,21,17,9,55
swedish-boy,0,14,3,4,1,3,3,38,16,17,16,2,11,0,1,4,7,44,27,5,1,0,8,0,1,2,5,15,23,11,5,16,27,7,7,7,12,5,2,6,0,9,4,6
swiggitdoggy,3,0,5,2,0,7,4,2,2,1,2,3,5,12,0,8,5,3,14,3,11,0,0,5,2,5,2,5,1,5,2,1,5,24,10,3,6,1,12,4,1,2,0,1
swiper33,1,28,13,16,11,18,7,21,3,22,25,14,14,6,2,18,24,3,18,10,15,0,2,6,13,24,5,6,14,12,2,6,3,14,2,8,15,15,7,10,3,3,4,7
syncups,19,15,18,4,9,11,69,36,5,0,0,4,6,0,0,5,6,5,7,6,2,1,5,14,18,5,13,13,21,15,27,8,2,9,7,0,55,0,1,0,1,0,4,1
TacoTacoTacoPoop,11,23,19,22,29,6,17,17,13,21,10,15,12,24,0,9,10,27,21,28,27,2,16,18,15,14,24,15,9,19,7,29,13,3,15,6,16,20,14,18,13,8,25,10
tallball,5,6,2,0,0,5,3,5,5,15,8,3,0,12,5,0,0,3,4,0,0,0,0,0,0,4,2,0,6,1,4,16,11,1,0,15,8,2,1,6,5,1,1,25
tallguyjeff,8,7,18,6,2,8,10,26,8,23,3,17,1,6,0,1,7,1,1,9,2,0,4,2,8,8,0,1,0,3,2,2,7,5,3,3,0,6,1,2,13,0,2,4
tapthatsap,4,9,23,25,2,15,1,2,9,19,35,12,9,31,1,13,26,59,34,22,15,4,8,25,4,32,7,11,16,20,29,22,9,5,19,11,8,33,18,26,14,13,31,6
tarka_d0_sera,2,23,2,4,12,5,30,7,32,6,22,17,24,16,0,4,66,15,55,35,1,0,24,34,19,61,36,15,4,5,7,13,3,51,11,2,35,15,34,11,32,5,2,6
TastyChimera,2,12,24,59,36,4,3,13,6,77,50,6,2,3,0,0,5,7,0,39,14,0,0,2,22,29,10,17,24,90,49,35,24,45,52,0,1,0,20,5,1,2,14,16
tchoob,4,6,5,5,43,2,8,15,31,22,20,3,0,6,0,0,3,15,2,0,5,0,6,66,16,11,3,7,3,18,10,16,2,1,1,6,10,67,4,4,13,0,0,1
tdonovanj,16,7,40,25,41,18,43,12,52,61,2,30,37,8,0,35,42,0,2,7,23,0,0,13,11,2,0,2,2,54,5,18,40,26,0,21,3,30,2,0,0,0,0,0
TeenieB723,4,3,9,1,6,3,3,12,2,6,15,12,21,10,6,7,8,20,11,15,14,0,13,13,22,8,16,23,17,16,13,9,3,16,2,13,10,19,17,7,16,29,19,17
that1chick1730,1,3,7,1,9,4,1,3,1,5,14,20,7,38,4,0,6,46,44,24,43,0,0,0,0,0,0,0,0,0,1,0,1,0,3,0,3,2,3,4,0,2,9,0
thduhfjn,1,2,2,6,1,5,3,3,1,28,1,4,2,2,4,0,7,3,2,1,0,0,2,0,2,2,1,0,2,6,3,0,1,2,6,6,8,6,0,5,1,1,7,8
The_Doctor_G0nz0,4,9,3,11,12,11,10,8,21,18,45,32,31,54,31,16,15,16,5,7,7,0,6,16,25,3,10,5,3,12,14,3,10,6,1,2,13,23,7,9,13,15,8,4
the_green_grundle,12,41,11,0,0,0,0,0,0,0,0,0,0,0,0,0,0,0,0,27,28,0,9,16,18,20,10,12,18,18,22,9,45,23,3,15,23,25,25,10,20,14,14,9
thecorrect_opinion,41,54,27,66,28,12,18,51,10,38,9,3,1,1,0,1,0,1,0,9,1,1,0,2,8,18,1,2,5,25,55,36,3,33,30,11,11,12,24,6,52,4,10,1
TheGoodRevExplosion,0,5,7,8,10,5,4,9,5,7,15,18,14,6,0,0,6,7,3,5,2,0,11,5,12,7,1,4,4,6,2,2,3,2,0,10,0,5,4,0,8,12,9,2
TheGUHboyyyyyy,3,0,14,24,6,3,17,8,13,10,11,18,7,9,0,5,14,5,3,7,1,0,0,1,1,4,17,3,19,23,6,13,9,9,6,0,7,0,0,1,0,3,2,2
TheHoboExpress,9,23,22,31,12,20,5,8,4,21,27,10,4,58,43,12,20,2,17,14,5,0,9,4,0,1,7,20,12,15,13,24,35,20,8,0,15,22,0,7,10,21,43,9
thehottness,1,0,15,1,7,22,12,1,0,12,11,55,104,38,2,3,14,3,2,19,12,0,3,11,33,9,22,21,78,109,107,57,20,29,7,3,4,8,39,14,8,15,63,12
TheIllusionMaster,1,18,9,17,24,19,24,12,21,9,16,11,18,6,0,1,16,9,30,42,42,5,21,22,38,35,30,27,12,20,13,10,7,17,6,14,8,21,10,7,7,14,14,16
theinfinitejaguar,4,3,2,6,13,4,2,2,5,11,4,12,3,2,1,3,10,17,7,4,9,0,3,4,7,5,7,9,12,3,12,9,6,10,3,5,6,13,22,29,4,7,9,15
TheJimiBones,7,10,12,10,6,4,10,7,6,7,26,11,10,1,0,26,6,1,11,3,12,0,11,2,2,1,1,67,9,1,10,0,9,3,0,10,21,11,5,2,9,59,15,0
thekillerz99,0,1,10,0,1,3,3,25,9,14,9,5,18,37,6,0,1,3,3,4,3,0,4,3,23,4,3,5,9,2,5,4,0,4,2,2,3,12,0,9,6,5,7,10
TheLateThagSimmons,12,28,20,28,5,1,5,20,1,8,48,44,8,13,5,31,29,42,19,27,40,11,22,21,25,5,8,55,5,38,55,57,57,25,10,16,17,11,38,24,31,17,13,8
themarmotlives,0,6,24,15,24,3,4,6,8,0,0,0,4,18,7,1,0,8,1,0,9,0,0,4,13,13,0,8,7,22,10,1,17,4,0,1,1,3,0,4,2,12,16,2
thepolicediscolights,7,15,8,13,13,3,35,4,13,8,17,17,63,36,6,9,18,6,21,14,12,0,2,14,14,13,13,24,11,8,6,15,31,16,3,1,5,7,4,2,2,7,5,19
Thisoldeadbr,0,6,7,4,11,3,5,5,9,5,7,7,1,0,0,1,2,1,1,4,3,1,1,0,0,1,4,2,17,9,0,2,2,1,4,7,3,2,0,1,2,4,2,6
ThornDragon1,14,68,20,50,61,34,15,20,26,28,44,38,110,66,12,31,26,32,27,30,14,0,3,26,26,25,40,19,6,41,36,56,44,77,39,21,27,15,19,15,55,30,34,40
throwaway1234557892,1,0,4,0,1,3,8,6,4,14,9,22,30,28,7,11,3,3,0,4,9,1,0,1,4,2,4,0,4,2,0,0,6,4,1,7,10,13,4,4,10,4,6,2
throwyourshieldred,0,8,12,0,0,3,4,1,0,1,0,0,0,0,0,0,1,0,0,1,0,0,0,0,18,0,0,0,0,3,0,0,0,0,1,0,0,0,5,32,8,0,0,0
timo-el-supremo,10,10,9,15,8,7,18,13,2,24,5,1,0,5,7,5,8,19,8,0,11,0,3,9,1,34,19,3,2,3,14,12,4,13,2,23,13,10,10,19,8,9,29,4
Tinkers_toenail,2,3,1,1,8,3,5,0,3,1,0,1,2,3,1,0,3,4,4,1,4,0,1,1,4,2,10,6,0,3,5,3,9,5,1,0,4,4,6,1,2,4,6,0
TinyCowpoke,0,0,0,0,0,0,6,5,2,6,3,2,3,4,0,1,4,4,1,1,1,0,0,1,0,3,2,2,1,0,3,13,3,2,0,3,4,23,25,7,6,0,0,2
TonySoprano-,3,8,5,59,1,21,5,31,17,9,4,12,23,26,40,1,6,9,12,23,16,0,3,25,9,1,5,15,17,8,5,3,12,12,1,4,2,6,2,4,2,10,4,3
ToolorDie,2,9,8,27,18,5,13,37,2,1,1,3,9,4,0,1,5,41,3,0,0,0,0,0,27,0,5,4,8,1,7,11,9,17,4,4,2,11,2,49,8,7,12,9
toughLuckJulianus,1,46,0,15,10,5,10,8,39,14,1,0,23,24,2,0,5,39,11,9,8,2,3,3,6,24,1,10,21,1,15,19,29,2,1,0,9,8,18,13,0,2,4,17
TractionJackson,6,24,55,24,14,13,40,21,13,46,7,19,18,16,14,15,10,19,5,22,15,0,26,31,21,12,14,13,17,16,27,17,7,28,3,23,16,9,11,18,47,12,24,60
Trance2000,12,12,8,0,4,1,6,12,3,2,6,6,21,7,2,0,2,0,10,5,7,0,2,0,2,8,21,11,4,2,1,4,11,1,1,4,0,0,4,24,11,13,4,5
Trashman2500,3,10,6,24,36,28,21,17,19,12,18,28,14,0,4,8,16,14,28,31,4,0,32,41,21,9,14,6,31,25,8,7,12,11,76,21,15,47,54,32,10,6,44,25
treble-n-bass,5,11,10,12,6,16,7,10,9,22,23,11,28,6,0,17,13,7,3,59,15,1,9,20,15,17,8,6,16,29,1,0,0,7,7,2,17,19,10,17,15,10,15,15
Tschoz,1,15,38,8,3,1,7,8,7,8,3,1,10,2,0,2,12,26,4,9,3,0,0,2,0,7,8,4,14,11,1,0,16,3,0,1,3,17,6,26,15,15,6,1
ultomatato,5,12,19,26,41,43,53,32,21,26,30,19,38,10,1,10,15,16,13,8,12,0,3,11,10,17,6,14,5,8,20,6,24,24,2,12,27,35,11,12,29,20,37,45
Ultra_Sonic,0,0,1,4,4,1,0,0,1,1,4,3,10,17,2,22,7,2,4,5,33,2,0,7,3,23,6,10,11,5,13,2,11,39,2,5,32,18,18,11,15,4,1,6
UnclutchCurry,25,11,22,28,22,12,0,13,1,5,3,35,11,12,12,1,21,1,28,0,7,0,11,3,19,15,6,20,7,3,10,0,2,9,2,2,14,19,3,15,9,8,9,9
Upstairs-Run,0,0,1,1,0,1,1,2,0,1,0,0,2,1,0,0,0,0,0,2,0,0,0,0,0,0,1,0,0,1,0,1,1,1,0,0,2,0,0,1,0,0,0,0
UraniumOverdose,7,8,4,8,0,0,1,1,0,16,39,1,0,0,0,0,3,3,9,2,0,0,2,3,2,8,3,0,2,10,5,2,5,6,4,2,2,4,2,7,4,14,4,7
Username_4577,0,9,11,21,6,10,4,12,24,13,0,28,5,1,1,3,2,22,10,5,4,0,2,8,1,14,6,9,4,6,6,11,17,22,11,13,3,16,16,2,2,8,12,15
uss1701jb,22,33,35,33,36,19,35,15,41,51,34,48,65,36,3,50,14,36,40,46,28,1,44,32,38,59,60,18,20,55,33,33,42,24,5,17,29,17,7,8,17,33,26,19
utrastalin,9,19,40,49,51,40,5,43,45,22,31,57,38,18,7,12,25,22,6,26,3,0,0,32,18,6,3,32,12,1,39,3,12,44,15,0,24,40,0,0,1,7,45,25
ValleeWarnedYou,6,1,5,7,1,4,4,0,0,2,1,1,1,2,2,0,0,0,9,2,2,0,0,2,2,3,2,0,0,0,0,0,0,0,0,2,7,6,4,9,4,9,1,11
Varientstipulations,5,69,34,18,16,3,5,12,29,19,14,42,7,8,6,15,33,72,24,23,28,0,8,5,8,19,29,19,30,13,15,10,7,7,16,25,62,50,39,53,16,12,12,8
varjar,2,4,22,44,15,1,11,6,8,1,3,6,4,7,0,2,4,7,4,4,8,0,10,7,3,8,0,0,3,2,9,9,2,1,3,0,3,2,0,2,5,3,3,0
vibrate,8,24,12,6,0,12,16,5,2,5,5,17,3,3,4,28,23,11,25,2,7,0,0,0,3,4,5,14,3,34,23,24,22,31,15,24,23,14,22,28,20,31,49,54
VictoriumExBellum,0,9,22,23,50,39,61,50,28,5,0,4,5,49,5,2,4,52,58,95,15,0,12,6,19,23,0,0,0,23,5,22,2,13,31,17,31,56,30,12,86,48,55,54
VoiceOfTheMillenium,24,21,36,13,13,61,15,35,28,28,24,46,36,111,4,40,16,15,32,34,7,0,7,36,12,37,35,38,9,64,39,1,57,31,33,3,30,30,23,27,42,22,80,30
VRiggity,3,6,3,4,4,4,0,6,30,3,46,2,2,0,0,50,24,14,3,7,18,0,0,55,18,13,18,24,24,49,28,49,8,61,11,6,28,36,43,60,45,50,10,15
vykeengene,0,2,0,0,0,2,2,3,2,0,14,0,20,10,1,0,0,0,0,0,0,0,4,3,4,15,44,33,7,13,13,0,4,6,5,3,19,18,32,18,14,31,11,2
WallyTheWelder,8,18,25,0,1,26,1,25,6,8,1,5,31,5,8,26,56,81,18,47,56,9,30,44,46,53,57,47,33,47,17,15,17,0,12,11,22,13,0,14,29,52,8,10
Walusqueegee,5,4,2,8,15,14,18,26,22,7,22,3,24,24,7,4,10,11,4,6,6,0,3,14,18,7,16,9,21,18,14,28,14,18,12,1,21,13,9,10,18,16,11,17
wangly,0,1,0,0,0,2,0,1,14,1,1,14,3,8,2,7,2,1,4,1,0,0,6,6,0,0,1,0,1,2,2,2,2,0,8,3,5,2,0,4,13,2,12,10
watchpaintdrytv,3,4,24,5,5,6,5,33,3,6,0,3,8,14,0,0,3,7,2,12,8,0,3,1,0,1,12,16,7,0,0,0,0,0,0,0,4,14,15,24,7,7,1,2
WeAreLostSoAreYou,5,8,10,14,14,12,15,2,6,10,25,30,10,14,11,12,16,4,14,19,22,0,8,13,5,14,8,12,7,1,9,2,11,5,11,3,23,9,14,38,12,30,27,15
weedmane,4,1,3,4,9,1,4,5,7,21,16,5,10,15,2,1,3,6,15,25,6,2,1,4,26,11,27,5,15,5,3,15,34,7,1,6,4,2,5,1,14,6,7,1
whatareyourinterests,3,5,18,6,4,4,6,10,17,1,7,13,20,1,10,7,1,5,9,15,17,0,14,2,26,11,24,12,16,4,0,1,7,8,3,1,17,14,10,30,18,33,0,0
whatmeworkquestion,2,28,23,5,26,4,0,5,6,0,1,0,3,0,0,0,4,19,9,13,10,0,0,3,2,2,0,18,30,12,19,18,0,2,1,2,0,9,6,8,13,13,12,1
WhenDoesWorkEnd,2,14,84,8,6,4,15,6,7,19,14,17,23,21,1,9,9,12,48,16,1,0,0,38,0,57,10,9,1,2,25,5,2,9,1,0,9,4,1,2,2,0,4,11
Whirrlz,3,11,3,3,0,0,5,5,5,1,4,9,6,0,1,6,1,8,7,4,1,0,0,3,1,3,12,0,0,0,0,0,3,3,1,10,18,32,33,6,9,13,22,5
whiskey4breakfast,7,7,15,8,9,6,6,17,6,9,10,8,8,17,1,5,10,5,3,11,5,0,5,22,8,3,1,5,6,16,11,14,15,3,4,1,3,13,10,8,15,17,11,23
who_is_john_alt,10,17,28,3,8,39,28,18,2,25,12,12,4,7,0,5,7,11,6,19,14,1,9,13,13,3,4,8,1,11,15,13,3,21,0,5,9,10,34,8,6,6,9,16
Whoknewituk,0,2,12,3,11,1,2,4,4,6,7,14,3,4,0,7,5,22,17,15,12,0,5,5,6,5,5,4,2,6,4,0,2,5,0,0,2,0,4,4,4,15,0,6
Why_U_Haff_To_Be_Mad,2,8,8,2,5,3,1,1,1,0,0,8,9,0,1,2,4,5,12,13,5,0,3,6,3,12,1,7,40,5,1,2,4,7,5,2,7,7,7,17,16,5,12,17
WilliamPierceTwerks,0,3,17,12,1,0,3,2,0,0,7,1,8,12,0,9,8,15,13,8,28,8,11,13,25,5,9,22,6,8,3,12,3,3,5,2,33,17,15,12,10,7,14,28
WinstonsVictoryGin,0,2,9,1,7,14,7,1,4,16,13,16,9,1,4,27,27,15,4,10,25,0,14,28,20,6,0,2,23,16,9,3,3,2,7,52,17,14,0,0,27,33,14,29
wkor2,1,3,1,7,6,5,4,16,1,42,14,57,17,18,0,104,19,43,3,85,10,0,11,7,44,10,56,14,15,54,66,13,42,5,34,9,13,9,8,7,55,18,20,20
Wollywinkle,3,8,5,9,4,8,7,14,9,9,13,13,6,4,2,1,4,6,1,2,0,0,0,3,2,5,1,0,2,0,2,5,5,3,0,4,1,11,13,10,6,5,12,9
Wonder_Hippie,0,1,8,18,18,6,1,14,1,0,2,4,1,12,2,1,1,0,3,4,0,1,2,2,4,4,1,7,0,1,0,1,0,2,4,6,4,9,9,11,0,15,25,14
worstsupervillanever,6,12,17,1,0,6,1,1,1,5,9,13,15,10,21,0,8,2,17,17,15,0,9,32,8,13,13,16,17,9,4,1,1,14,21,0,9,7,6,2,4,4,0,7
wsb-narrator,128,99,195,284,285,6,4,103,79,48,101,37,44,118,1,122,146,46,0,0,66,0,109,118,9,2,3,1,1,0,3,1,1,0,0,7,69,96,8,8,132,27,117,44
WyattR-,7,2,26,9,16,36,27,23,74,5,29,14,24,19,44,3,13,18,21,9,19,0,5,11,25,22,22,5,9,21,20,31,36,34,11,22,37,7,3,3,20,14,4,9
Xenomoly,11,2,21,6,16,6,20,31,0,0,0,0,0,0,0,10,24,69,18,24,5,7,14,22,34,5,49,17,14,24,7,0,0,0,0,6,1,37,0,0,8,9,2,58
xfactor1981,7,17,39,21,14,6,15,3,15,8,16,14,23,7,2,3,29,34,6,9,7,0,11,7,7,7,8,12,6,10,6,10,6,2,7,60,71,51,6,11,20,48,4,14
XivaKnight,5,34,7,9,7,13,20,12,14,14,13,8,6,3,1,3,7,3,7,22,14,0,4,29,11,9,2,4,5,8,5,6,2,9,2,5,7,1,3,2,4,4,2,3
xpandahangoverx,2,0,2,1,5,2,4,6,1,1,4,3,4,1,2,1,2,4,3,2,4,0,0,1,1,1,4,5,2,0,0,0,7,5,5,1,3,3,0,1,0,0,2,2
XxInsultToTheDeadxX,1,5,13,35,11,3,18,0,25,7,5,13,4,17,0,2,6,0,5,5,9,0,0,0,2,8,1,21,11,8,3,4,7,11,22,1,2,5,4,1,4,9,23,11
xxNotAPlane,11,1,2,1,4,2,1,17,13,21,4,3,60,28,1,18,58,0,0,1,35,0,11,12,21,66,14,11,33,9,38,9,23,10,7,0,0,0,0,13,7,3,19,3
Y0L0_Cholo,19,27,22,35,26,17,8,21,31,27,22,5,6,0,1,1,1,7,1,1,0,0,3,13,0,1,0,2,0,7,5,0,0,3,1,2,9,1,4,0,1,5,1,9
YangGangBangarang,1,23,25,19,35,31,35,48,6,26,54,54,61,45,21,37,56,50,19,15,5,0,12,42,34,19,74,81,105,38,68,14,22,28,9,18,32,31,15,42,69,43,66,36
yasmin1334,1,6,8,24,8,19,3,6,0,10,57,7,3,0,21,16,62,80,48,48,21,0,0,27,23,26,5,96,35,21,1,2,18,10,0,0,1,1,4,33,103,37,19,39
YeaNo2,3,7,10,7,5,12,0,5,10,20,6,7,4,0,1,1,5,2,8,5,5,1,3,7,1,8,8,8,16,13,6,3,6,3,1,1,0,0,1,0,12,15,25,3
yellow_logic,9,4,14,14,9,7,8,13,33,28,33,44,30,44,10,2,15,5,36,25,57,0,6,22,46,28,83,34,7,20,11,13,31,24,0,6,6,5,10,10,43,60,5,6
your-missing-mom,25,14,12,32,19,20,23,10,17,22,3,24,3,6,6,3,5,6,0,2,3,0,0,0,0,0,1,1,0,1,12,1,0,7,2,4,74,29,23,1,26,72,88,180
Yourboyfibs,2,3,4,5,6,5,14,13,7,5,20,6,4,2,0,23,8,8,4,44,12,2,9,33,13,11,2,13,11,27,9,34,15,19,1,17,24,12,3,5,18,13,10,16
youreallmeatanyway,5,14,3,10,0,1,20,24,1,21,15,4,3,24,5,0,4,2,7,8,32,0,1,16,4,7,5,14,16,1,15,2,1,14,21,0,2,3,22,11,11,2,0,0
Yuuko-Senpai,25,25,28,18,27,7,10,10,23,20,10,52,4,12,1,1,0,0,4,4,3,0,7,9,3,5,0,3,8,20,8,16,5,0,0,1,1,7,0,0,1,0,2,2
ZackMorris_OsBro,1,2,0,5,6,6,11,10,1,2,19,6,7,2,2,6,48,14,24,3,2,0,2,1,4,6,26,12,2,8,3,43,1,11,0,0,5,9,4,2,3,8,2,13
Zancudosdemierda,13,7,32,18,13,18,0,22,50,21,21,47,33,2,0,10,36,35,30,13,53,2,34,39,15,19,7,17,18,72,19,3,5,3,32,11,45,11,21,3,2,44,12,15
Zaratustash,0,41,29,81,71,58,75,108,15,69,48,24,30,8,35,3,14,17,27,1,20,2,2,11,4,15,1,2,10,36,47,36,18,103,48,5,49,23,17,27,24,61,65,53
Zardran,4,8,7,3,4,5,19,15,19,20,14,7,0,13,9,12,11,7,0,7,15,2,1,16,14,0,21,24,6,11,11,8,12,1,10,5,15,14,0,17,8,2,15,4
Zastrozzi,1,72,22,0,34,0,1,1,0,1,2,0,16,10,0,32,11,28,5,21,4,0,2,72,21,2,14,6,3,48,28,22,3,12,8,0,2,37,1,13,8,25,14,3
Zeldaxn64,5,11,2,8,9,21,16,42,13,17,57,11,14,3,0,3,1,5,6,18,4,0,2,2,6,3,0,9,6,9,32,10,6,10,15,0,2,3,1,10,12,10,11,18
ZgylthZ,13,26,82,40,13,4,2,4,8,12,43,22,28,30,0,6,8,12,17,12,15,1,7,15,36,12,44,16,12,46,13,37,19,18,0,22,6,3,7,20,5,3,12,11
ZincTin,29,14,15,31,20,4,5,7,20,21,32,9,10,5,4,14,11,19,14,8,11,0,7,11,1,13,40,33,49,34,39,32,16,14,0,7,2,3,0,12,5,8,23,30
Zmd2005,12,17,12,11,16,11,0,5,0,4,6,15,6,3,3,0,0,12,7,12,2,0,1,14,17,13,5,9,11,12,3,13,16,14,0,3,6,14,35,3,16,12,18,7
Zx01Ax0,2,18,9,8,4,7,12,3,1,3,5,7,4,1,0,2,3,1,2,1,0,0,2,7,2,1,1,3,0,0,1,4,4,0,6,5,1,1,4,12,9,5,6,4
zxh01,17,69,65,16,10,2,0,33,27,23,22,24,26,29,5,0,0,0,1,12,10,0,9,34,2,8,2,5,5,3,0,13,8,2,4,2,17,9,16,5,19,7,10,1
